shape_id,shape_pt_lat,shape_pt_lon,shape_pt_sequence
191001,36.2299138,137.9665795,1
191001,36.2299355,137.9676041,2
191001,36.2299528,137.9686018,3
191001,36.2299528,137.9693797,4
191001,36.2282652,137.9694333,5
191001,36.2271833,137.9694923,6
191001,36.227153,137.9684946,7
191001,36.2270795,137.9675504,8
191001,36.2270146,137.9668638,9
191001,36.2269799,137.966617,10
191001,36.2268544,137.966322,11
191001,36.2267333,137.9660752,12
191001,36.2265515,137.9658392,13
191001,36.2263568,137.965587,14
191001,36.225989,137.9650506,15
191001,36.225699,137.9644605,16
191001,36.2250369,137.9630228,17
191001,36.2242147,137.9610326,18
191001,36.2237949,137.9599115,19
191001,36.2226871,137.960051,20
191001,36.221445,137.9602065,21
191001,36.2205665,137.9603192,22
191001,36.2197745,137.9603836,23
191001,36.2169268,137.9603943,24
191001,36.2160439,137.960405,25
191001,36.2149922,137.9604211,26
191001,36.2130575,137.9604211,27
191001,36.2121443,137.9604265,28
191001,36.2115426,137.9604801,29
191001,36.2110839,137.9605659,30
191001,36.2112224,137.9589244,31
191001,36.2108371,137.9585543,32
191001,36.2084133,137.9561886,33
191001,36.206024,137.9539463,34
191001,36.2037385,137.9516074,35
191001,36.202007,137.9498586,36
191001,36.2013403,137.9491183,37
191001,36.2010806,137.9487428,38
191001,36.2001975,137.9469081,39
191001,36.19973,137.9455134,40
191001,36.1991586,137.943668,41
191001,36.1989335,137.9427561,42
191001,36.1987863,137.9419514,43
191001,36.1987257,137.9416939,44
191001,36.1982235,137.9410287,45
191001,36.1975569,137.9401812,46
191001,36.1952278,137.9386469,47
191001,36.1938685,137.9377886,48
191001,36.1924138,137.936941,49
191001,36.1915913,137.9363724,50
191001,36.1911237,137.9359218,51
191001,36.1906648,137.9351279,52
191001,36.1903011,137.9349133,53
191001,36.1891928,137.9343769,54
191001,36.1886906,137.934055,55
191001,36.1881797,137.9331752,56
191001,36.1880065,137.9330787,57
191001,36.1868981,137.932789,58
191001,36.1865518,137.9326817,59
191001,36.1849584,137.9327353,60
191001,36.1831659,137.9326173,61
191001,36.1813734,137.9325744,62
191001,36.1807325,137.9324135,63
191001,36.1802389,137.9322311,64
191001,36.1780566,137.9322204,65
191001,36.1772685,137.9322311,66
191001,36.1756577,137.9324993,67
191001,36.1751554,137.9325422,68
191001,36.1732154,137.9319843,69
191001,36.1714833,137.9316303,70
191001,36.1692314,137.9317805,71
191001,36.1661826,137.9319307,72
191001,36.1652472,137.9318878,73
191001,36.1646928,137.9315874,74
191001,36.1641991,137.9309007,75
191001,36.1637054,137.9298815,76
191001,36.1634109,137.9289695,77
191001,36.1650479,137.928712,78
191001,36.1650479,137.9286047,79
191001,36.164944,137.9277035,80
191001,36.1648401,137.9275962,81
191001,36.1644763,137.9276606,82
191001,36.1643507,137.9276284,83
191001,36.1642814,137.9274568,84
191001,36.1642337,137.9270598,85
191001,36.1642511,137.9269364,86
191001,36.164342,137.9268506,87
191001,36.1645802,137.9267862,88
191001,36.1656326,137.9265984,89
191001,36.1657365,137.9266843,90
191001,36.1657798,137.9267647,91
191001,36.1658318,137.9272583,92
191001,36.1658058,137.9273763,93
191001,36.1657495,137.9274246,94
191001,36.1650566,137.9275533,95
191001,36.16497,137.9276606,96
191001,36.164944,137.9277947,97
191001,36.1650566,137.9287013,98
191001,36.1634065,137.9289481,99
191001,36.163242,137.9265502,100
191001,36.1630731,137.9244795,101
191001,36.1628002,137.9200753,102
191001,36.1626963,137.9175433,103
191001,36.162575,137.9161056,104
191001,36.1623758,137.9152259,105
191001,36.162064,137.9144963,106
191001,36.1617002,137.9137131,107
191001,36.1610592,137.9129406,108
191001,36.1591188,137.9111167,109
191002,36.2299138,137.9665795,1
191002,36.2299528,137.9693797,2
191002,36.227803,137.9694521,3
191002,36.2271833,137.9694923,4
191002,36.2271452,137.9683631,5
191002,36.2269799,137.966617,6
191002,36.2266952,137.9660135,7
191002,36.2263568,137.965587,8
191002,36.225989,137.9650506,9
191002,36.2248603,137.9625803,10
191002,36.2240814,137.9606706,11
191002,36.2237949,137.9599115,12
191002,36.2215411,137.9601985,13
191002,36.2198013,137.9603809,14
191002,36.2169268,137.9603943,15
191002,36.2142053,137.9604077,16
191002,36.2121443,137.9604265,17
191002,36.2115426,137.9604801,18
191002,36.2110839,137.9605659,19
191002,36.2112224,137.9589244,20
191002,36.2098728,137.9576128,21
191002,36.2085526,137.9563522,22
191002,36.207016,137.9548824,23
191002,36.2050292,137.9529404,24
191002,36.2038562,137.9517281,25
191002,36.2027394,137.9506015,26
191002,36.2013403,137.9491183,27
191002,36.2010806,137.9487428,28
191002,36.2001551,137.946825,29
191002,36.1991638,137.9436332,30
191002,36.198917,137.9426944,31
191002,36.1987439,137.9417288,32
191002,36.1983846,137.9412353,33
191002,36.1975569,137.9401812,34
191002,36.1966443,137.9395616,35
191002,36.1947395,137.9383385,36
191002,36.1931117,137.9373514,37
191002,36.1925749,137.9370081,38
191002,36.1915488,137.9363805,39
191002,36.1912588,137.9360908,40
191002,36.1906648,137.9351279,41
191002,36.1891503,137.9343688,42
191002,36.1887953,137.9341381,43
191002,36.1885745,137.9339021,44
191002,36.1881797,137.9331752,45
191002,36.1875268,137.9329633,46
191002,36.186847,137.9327595,47
191002,36.1865396,137.9327166,48
191002,36.184929,137.9327219,49
191002,36.1825779,137.9326147,50
191002,36.1813482,137.9326147,51
191002,36.1802389,137.9322311,52
191002,36.1780011,137.9322231,53
191002,36.177252,137.932266,54
191002,36.1757538,137.9325074,55
191002,36.1753511,137.9325396,56
191002,36.175061,137.9325074,57
191002,36.172636,137.9318475,58
191002,36.1718479,137.9317081,59
191002,36.1712979,137.9316652,60
191002,36.1691066,137.9317939,61
191002,36.1667205,137.9318851,62
191002,36.1654645,137.9319065,63
191002,36.1651311,137.9318529,64
191002,36.164737,137.9316008,65
191002,36.1643948,137.9311824,66
191002,36.1641696,137.9308068,67
191002,36.1637755,137.9300719,68
191002,36.1635893,137.929632,69
191002,36.1634853,137.9292673,70
191002,36.1634109,137.9289695,71
191002,36.1650479,137.928712,72
191002,36.164944,137.9277035,73
191002,36.1648401,137.9275962,74
191002,36.1644763,137.9276606,75
191002,36.1643507,137.9276284,76
191002,36.1642814,137.9274568,77
191002,36.1642337,137.9270598,78
191002,36.1642511,137.9269364,79
191002,36.164342,137.9268506,80
191002,36.164594,137.9267835,81
191003,36.2299292,137.9665756,1
191003,36.22994,137.9676217,2
191003,36.2299528,137.9686018,3
191003,36.229966,137.9693785,4
191003,36.2289274,137.9694053,5
191003,36.2271833,137.9694923,6
191003,36.2271489,137.9683405,7
191003,36.2269799,137.966617,8
191003,36.2267075,137.9660311,9
191003,36.2263397,137.9655671,10
191003,36.225989,137.9650506,11
191003,36.2256365,137.9643065,12
191003,36.2250025,137.9629198,13
191003,36.2242147,137.9610326,14
191003,36.2237949,137.9599115,15
191003,36.222116,137.9601249,16
191003,36.2205665,137.9603192,17
191003,36.2198013,137.9603809,18
191003,36.2192381,137.960377,19
191003,36.2160439,137.960405,20
191003,36.2139277,137.9604146,21
191003,36.2121443,137.9604265,22
191003,36.2110839,137.9605659,23
191003,36.2112224,137.9589244,24
191003,36.2094609,137.9572067,25
191003,36.2077988,137.9556349,26
191003,36.2061929,137.9541167,27
191003,36.2049463,137.9528347,28
191003,36.2033274,137.9511878,29
191003,36.2016782,137.9494926,30
191003,36.2013016,137.9490581,31
191003,36.2010591,137.9486987,32
191003,36.2001975,137.9469081,33
191003,36.1999899,137.9463705,34
191003,36.1991638,137.9436332,35
191003,36.198917,137.9426944,36
191003,36.1987439,137.9417288,37
191003,36.1975569,137.9401812,38
191003,36.1952843,137.938678,39
191003,36.1935613,137.9376051,40
192001,36.1591188,137.9111167,1
192001,36.1610592,137.9129406,2
192001,36.161759,137.913802,3
192001,36.1623758,137.9152259,4
192001,36.162575,137.9161056,5
192001,36.1626963,137.9175433,6
192001,36.1629142,137.9217272,7
192001,36.163058,137.9241146,8
192001,36.1633438,137.9278911,9
192001,36.1634109,137.9289695,10
192001,36.1650479,137.928712,11
192001,36.164944,137.9277035,12
192001,36.1648401,137.9275962,13
192001,36.1644763,137.9276606,14
192001,36.1643507,137.9276284,15
192001,36.1642814,137.9274568,16
192001,36.1642337,137.9270598,17
192001,36.1642511,137.9269364,18
192001,36.164342,137.9268506,19
192001,36.1645802,137.9267862,20
192001,36.1656326,137.9265984,21
192001,36.1657365,137.9266843,22
192001,36.1657798,137.9267647,23
192001,36.1658318,137.9272583,24
192001,36.1658058,137.9273763,25
192001,36.1657495,137.9274246,26
192001,36.1650566,137.9275533,27
192001,36.164944,137.9277035,28
192001,36.1650479,137.928712,29
192001,36.1634109,137.9289695,30
192001,36.1636167,137.9296775,31
192001,36.1638289,137.9301496,32
192001,36.1641991,137.9309007,33
192001,36.164737,137.9316008,34
192001,36.1652472,137.9318878,35
192001,36.1663018,137.9319145,36
192001,36.168701,137.9318125,37
192001,36.1714768,137.9316677,38
192001,36.171754,137.9316731,39
192001,36.172636,137.9318475,40
192001,36.1740881,137.9322256,41
192001,36.175061,137.9325074,42
192001,36.1753511,137.9325396,43
192001,36.1756577,137.9324993,44
192001,36.1772685,137.9322311,45
192001,36.17999,137.9322256,46
192001,36.1802389,137.9322311,47
192001,36.1808127,137.9324187,48
192001,36.1813734,137.9325744,49
192001,36.1815835,137.9326118,50
192001,36.1845147,137.9326977,51
192001,36.186199,137.9327137,52
192001,36.1865886,137.9327245,53
192001,36.1870173,137.9328049,54
192001,36.1881386,137.9331483,55
192001,36.1883739,137.9335037,56
192001,36.1885745,137.9339021,57
192001,36.1888227,137.9341675,58
192001,36.1895587,137.934543,59
192001,36.1906648,137.9351279,60
192001,36.1912082,137.936029,61
192001,36.1915913,137.9363724,62
192001,36.1928447,137.9371823,63
192001,36.1935071,137.9375846,64
192001,36.1948405,137.9383839,65
192001,36.1964292,137.9394085,66
192001,36.1975418,137.9401488,67
192001,36.1983513,137.9412003,68
192001,36.1987106,137.9416509,69
192001,36.1987863,137.9419514,70
192001,36.1989335,137.9427561,71
192001,36.1991586,137.943668,72
192001,36.1997236,137.9454703,73
192001,36.2000915,137.9466988,74
192001,36.2003123,137.9471601,75
192001,36.2011564,137.9488499,76
192001,36.201546,137.9493434,77
192001,36.203152,137.9510064,78
192001,36.2049463,137.9528347,79
192001,36.2066538,137.9545362,80
192001,36.2081991,137.9559953,81
192001,36.2091687,137.9569287,82
192001,36.2102464,137.9579802,83
192001,36.2112224,137.9589244,84
192001,36.2110839,137.9605659,85
192001,36.2116315,137.9604692,86
192001,36.2122071,137.9604156,87
192001,36.2149922,137.9604211,88
192001,36.217721,137.9603781,89
192001,36.2198013,137.9603809,90
192001,36.2205665,137.9603192,91
192001,36.2230831,137.9600079,92
192001,36.2238275,137.9599167,93
192001,36.2251041,137.9628886,94
192001,36.2257532,137.9643745,95
192001,36.2261513,137.9651685,96
192001,36.2264283,137.9655011,97
192001,36.2267918,137.9660268,98
192001,36.2270341,137.9665149,99
192001,36.2271466,137.9670836,100
192001,36.2272029,137.9681135,101
192001,36.2272721,137.9694815,102
192001,36.2293449,137.9693849,103
192001,36.231145,137.9693581,104
192001,36.2310974,137.9668583,105
192001,36.2310844,137.9656674,106
192001,36.2305652,137.9658766,107
192002,36.1645493,137.9267829,1
192002,36.1656326,137.9265984,2
192002,36.1657365,137.9266843,3
192002,36.1657798,137.9267647,4
192002,36.1658318,137.9272583,5
192002,36.1658058,137.9273763,6
192002,36.1657495,137.9274246,7
192002,36.1650566,137.9275533,8
192002,36.164944,137.9277035,9
192002,36.1650479,137.928712,10
192002,36.1634109,137.9289695,11
192002,36.1635893,137.929632,12
192002,36.1637755,137.9300719,13
192002,36.1642374,137.9309295,14
192002,36.1646928,137.9315874,15
192002,36.1653375,137.9318898,16
192002,36.1657792,137.9319381,17
192002,36.1675418,137.9318683,18
192002,36.1707594,137.9316913,19
192002,36.1716558,137.9316591,20
192002,36.1726778,137.9318469,21
192002,36.175061,137.9325074,22
192002,36.1754275,137.9325442,23
192002,36.1768998,137.9323297,24
192002,36.1773761,137.9322331,25
192002,36.1802389,137.9322311,26
192002,36.1813482,137.9326147,27
192002,36.1831659,137.9326173,28
192002,36.1850054,137.932732,29
192002,36.1860489,137.9327052,30
192002,36.1868845,137.9327534,31
192002,36.1872828,137.9329037,32
192002,36.1881797,137.9331752,33
192002,36.1884518,137.9336922,34
192002,36.1886906,137.934055,35
192002,36.1888891,137.9342179,36
192002,36.1906338,137.9351031,37
192002,36.1909499,137.9355698,38
192002,36.1912082,137.936029,39
192002,36.1915913,137.9363724,40
192002,36.1927942,137.9371469,41
192002,36.1945821,137.9382252,42
192002,36.1964292,137.9394085,43
192002,36.1975418,137.9401488,44
192002,36.1987439,137.9417288,45
192002,36.198816,137.9419642,46
192002,36.198917,137.9426944,47
192002,36.1994263,137.944464,48
192002,36.2000843,137.9466527,49
192002,36.2011564,137.9488499,50
192002,36.201409,137.9491954,51
192002,36.2031794,137.9510461,52
192002,36.2045732,137.9524677,53
192002,36.2059064,137.9538034,54
192002,36.2078629,137.9556971,55
192002,36.2089667,137.9567217,56
192002,36.2103041,137.9580413,57
192002,36.211252,137.9589372,58
192002,36.2110839,137.9605659,59
192002,36.2122071,137.9604156,60
192002,36.2169268,137.9603943,61
192002,36.2196787,137.9603963,62
192002,36.2205665,137.9603192,63
192002,36.2220502,137.9601334,64
192002,36.2238275,137.9599167,65
192002,36.2241188,137.9605411,66
192002,36.2251531,137.9629819,67
192002,36.2257893,137.9644303,68
192002,36.2261513,137.9651685,69
192002,36.2267918,137.9660268,70
192002,36.2270341,137.9665149,71
192002,36.2271466,137.9670836,72
192002,36.2272721,137.9694815,73
192002,36.2299954,137.969371,74
192002,36.231145,137.9693581,75
192002,36.2310844,137.9656674,76
192002,36.2305652,137.9658766,77
192003,36.1935854,137.9376462,1
192003,36.1945059,137.938178,2
192003,36.1949842,137.9384703,3
192003,36.1956661,137.938929,4
192003,36.1963674,137.9393742,5
192003,36.196705,137.9396049,6
192003,36.1974799,137.9401199,7
192003,36.1976163,137.9402594,8
192003,36.1980362,137.9408012,9
192003,36.1986856,137.9416434,10
192003,36.1988111,137.9419438,11
192003,36.198917,137.9426944,12
192003,36.1991899,137.9436765,13
192003,36.199586,137.944964,14
192003,36.1999171,137.9460422,15
192003,36.2000843,137.9466527,16
192003,36.2005989,137.9477186,17
192003,36.2009907,137.9485393,18
192003,36.2012677,137.9490275,19
192003,36.2015015,137.9492957,20
192003,36.2025577,137.9503901,21
192003,36.2033542,137.9512162,22
192003,36.2043022,137.9521764,23
192003,36.2055964,137.9535014,24
192003,36.2064838,137.9543812,25
192003,36.2081991,137.9559953,26
192003,36.2095959,137.9573424,27
192003,36.2105265,137.9582597,28
192003,36.211252,137.9589372,29
192003,36.2110839,137.9605659,30
192003,36.2122071,137.9604156,31
192003,36.2149922,137.9604211,32
192003,36.2186503,137.9603786,33
192003,36.2197745,137.9603836,34
192003,36.222116,137.9601249,35
192003,36.2238275,137.9599167,36
192003,36.2252456,137.963211,37
192003,36.2257692,137.9643751,38
192003,36.2261513,137.9651685,39
192003,36.2265587,137.9656913,40
192003,36.2267918,137.9660268,41
192003,36.2270341,137.9665149,42
192003,36.2271466,137.9670836,43
192003,36.2272295,137.9684057,44
192003,36.2272721,137.9694815,45
192003,36.2299528,137.9693797,46
192003,36.231145,137.9693581,47
192003,36.2310844,137.9656674,48
192003,36.2305652,137.9658766,49
201001,36.2299138,137.9665795,1
201001,36.2299528,137.9693797,2
201001,36.2271833,137.9694923,3
201001,36.2271489,137.9683405,4
201001,36.2269799,137.966617,5
201001,36.2266952,137.9660135,6
201001,36.2263397,137.9655671,7
201001,36.225989,137.9650506,8
201001,36.2254041,137.9637847,9
201001,36.2247679,137.9623524,10
201001,36.224201,137.9609898,11
201001,36.2237949,137.9599115,12
201001,36.2205665,137.9603192,13
201001,36.2197306,137.9603836,14
201001,36.216515,137.9603836,15
201001,36.2131218,137.9604212,16
201001,36.2121443,137.9604265,17
201001,36.2110839,137.9605659,18
201001,36.2112224,137.9589244,19
201001,36.2099968,137.9577122,20
201001,36.2088151,137.9565749,21
201001,36.2077988,137.9556349,22
201001,36.2059064,137.9538034,23
201001,36.205928,137.953603,24
201001,36.206006,137.9505453,25
201001,36.2060579,137.9487589,26
201001,36.2061012,137.9471121,27
201001,36.2060795,137.9461679,28
201001,36.2056597,137.945256,29
201001,36.2054,137.9443333,30
201001,36.2052917,137.9440436,31
201001,36.2049844,137.9428527,32
201001,36.2049281,137.9425255,33
201001,36.2048849,137.9417745,34
201001,36.204781,137.9394624,35
201001,36.204742,137.9378584,36
201001,36.2048762,137.9365334,37
201001,36.2050753,137.9348919,38
201001,36.203175,137.9345701,39
201001,36.2020755,137.9343662,40
201001,36.2009804,137.9341838,41
201001,36.2006514,137.9341194,42
201001,36.2002574,137.9343179,43
201001,36.198764,137.9350475,44
201001,36.1973612,137.9355949,45
201001,36.1972705,137.9349456,46
201001,36.1972055,137.9336742,47
201001,36.1971493,137.9323706,48
201001,36.1971233,137.9318181,49
201001,36.1968288,137.9312014,50
201001,36.1967205,137.9306435,51
201001,36.1967898,137.9298442,52
201001,36.1966946,137.928943,53
201001,36.1966253,137.9285675,54
201001,36.1964088,137.9281598,55
201001,36.1960757,137.9277787,56
201001,36.1956168,137.9272852,57
201001,36.1954869,137.9270867,58
201001,36.1953872,137.926706,59
201001,36.1949716,137.9262769,60
201001,36.1948678,137.9260621,61
201001,36.1948245,137.925767,62
201001,36.1943613,137.9245386,63
201001,36.1942055,137.9243669,64
201001,36.193872,137.9241901,65
201001,36.1937118,137.9239487,66
201001,36.193491,137.9235249,67
201001,36.1929716,137.9229507,68
201001,36.1924563,137.9226344,69
201001,36.1922052,137.9226237,70
201001,36.1915949,137.9227576,71
201001,36.1904864,137.9228222,72
201002,36.2299138,137.9665795,1
201002,36.2299528,137.9693797,2
201002,36.2271833,137.9694923,3
201002,36.2271219,137.9680871,4
201002,36.2269799,137.966617,5
201002,36.2267333,137.9660752,6
201002,36.225989,137.9650506,7
201002,36.2256679,137.9643642,8
201002,36.2249279,137.9627549,9
201002,36.2242312,137.9610866,10
201002,36.2237949,137.9599115,11
201002,36.2220241,137.9601317,12
201002,36.2205224,137.9603409,13
201002,36.2197745,137.9603836,14
201002,36.2165494,137.9603892,15
201002,36.213866,137.9604107,16
201002,36.2121781,137.960416,17
201002,36.2110839,137.9605659,18
201002,36.2112224,137.9589244,19
201002,36.2090227,137.9567843,20
201002,36.2079277,137.955749,21
201002,36.2068282,137.9547029,22
201002,36.2048414,137.9527235,23
201002,36.2027983,137.9506474,24
201002,36.2015015,137.9492957,25
201002,36.2012399,137.9489845,26
201002,36.2010591,137.9486987,27
201002,36.2000843,137.9466527,28
201002,36.1991586,137.943668,29
201002,36.198917,137.9426944,30
201002,36.198816,137.9419642,31
201002,36.1987106,137.9416509,32
201002,36.1976163,137.9402594,33
201002,36.1973959,137.9400473,34
201002,36.1955777,137.9388779,35
201002,36.1937075,137.9376655,36
201002,36.1924736,137.9369521,37
201002,36.1941404,137.936657,38
201002,36.1953699,137.9362922,39
201002,36.1968764,137.9357236,40
201002,36.1973612,137.9355949,41
201002,36.197214,137.9340928,42
201002,36.1971448,137.9324299,43
201002,36.1971578,137.9319363,44
201002,36.1968288,137.9312014,45
201002,36.1967205,137.9306435,46
201002,36.1967682,137.930209,47
201002,36.1967898,137.9298442,48
201002,36.1966946,137.928943,49
201002,36.1966253,137.9285675,50
201002,36.1964088,137.9281598,51
201002,36.1961881,137.9278862,52
201002,36.1956729,137.9273712,53
201002,36.1955041,137.9271191,54
201002,36.1953872,137.926706,55
201002,36.1949716,137.9262769,56
201002,36.194872,137.9261052,57
201002,36.1948244,137.9258102,58
201002,36.1943915,137.9246193,59
201002,36.1942703,137.9244208,60
201002,36.1940884,137.9243081,61
201002,36.193872,137.9241901,62
201002,36.1937118,137.9239487,63
201002,36.193491,137.9235249,64
201002,36.1932053,137.9232031,65
201002,36.1929065,137.9228973,66
201002,36.1924563,137.9226344,67
201002,36.1922052,137.9226237,68
201002,36.1915688,137.9227578,69
201002,36.1912831,137.9227846,70
201002,36.1904864,137.9228222,71
202002,36.1904864,137.9228222,1
202002,36.1915949,137.9227576,2
202002,36.1922052,137.9226237,3
202002,36.1924898,137.9226659,4
202002,36.1929065,137.9228973,5
202002,36.193491,137.9235249,6
202002,36.193872,137.9241901,7
202002,36.1942703,137.9244208,8
202002,36.1943915,137.9246193,9
202002,36.1948244,137.9258102,10
202002,36.194872,137.9261052,11
202002,36.195005,137.9263298,12
202002,36.1953872,137.926706,13
202002,36.1955041,137.9271191,14
202002,36.1956501,137.927333,15
202002,36.1964088,137.9281598,16
202002,36.1966371,137.928615,17
202002,36.196715,137.9291461,18
202002,36.1967898,137.9298442,19
202002,36.1967205,137.9306435,20
202002,36.1968288,137.9312014,21
202002,36.1971349,137.931882,22
202002,36.1971739,137.9324506,23
202002,36.1972388,137.934414,24
202002,36.1972908,137.935106,25
202002,36.1973612,137.9355949,26
202002,36.1968764,137.9357236,27
202002,36.1955592,137.9362057,28
202002,36.1941404,137.936657,29
202002,36.1924736,137.9369521,30
202002,36.193256,137.9374395,31
202002,36.1950267,137.9384963,32
202002,36.1961046,137.9392151,33
202002,36.1970614,137.9398428,34
202002,36.1975418,137.9401488,35
202002,36.1986856,137.9416434,36
202002,36.198816,137.9419642,37
202002,36.1988968,137.9426323,38
202002,36.1993471,137.9442362,39
202002,36.1997713,137.9455773,40
202002,36.2000843,137.9466527,41
202002,36.200676,137.9478894,42
202002,36.2011262,137.9488121,43
202002,36.2013903,137.9491554,44
202002,36.2023469,137.9501639,45
202002,36.2037624,137.9516445,46
202002,36.2049701,137.9528676,47
202002,36.2061172,137.9540209,48
202002,36.2077988,137.9556349,49
202002,36.2098728,137.9576128,50
202002,36.211252,137.9589372,51
202002,36.2110839,137.9605659,52
202002,36.2121443,137.9604265,53
202002,36.2160029,137.9603992,54
202002,36.2192705,137.9603778,55
202002,36.2198013,137.9603809,56
202002,36.2205665,137.9603192,57
202002,36.2220502,137.9601334,58
202002,36.2238535,137.9599111,59
202002,36.2247839,137.9621373,60
202002,36.2256234,137.9640578,61
202002,36.2261384,137.9651306,62
202002,36.2267789,137.9659836,63
202002,36.2270341,137.9665149,64
202002,36.2271466,137.9670836,65
202002,36.2271856,137.9676841,66
202002,36.2272295,137.9684057,67
202002,36.2272721,137.9694815,68
202002,36.2299528,137.9693797,69
202002,36.231145,137.9693581,70
202002,36.2310844,137.9656674,71
202002,36.2305652,137.9658766,72
202001,36.1904864,137.9228222,1
202001,36.1915688,137.9227578,2
202001,36.1922052,137.9226237,3
202001,36.1924898,137.9226659,4
202001,36.1928222,137.9228627,5
202001,36.1931036,137.9231041,6
202001,36.193491,137.9235249,7
202001,36.1937118,137.9239487,8
202001,36.193872,137.9241901,9
202001,36.1942703,137.9244208,10
202001,36.1943915,137.9246193,11
202001,36.1948397,137.9258721,12
202001,36.194872,137.9261052,13
202001,36.1949716,137.9262769,14
202001,36.1953872,137.926706,15
202001,36.1955041,137.9271191,16
202001,36.1956729,137.9273712,17
202001,36.1962206,137.9279213,18
202001,36.1964088,137.9281598,19
202001,36.1966253,137.9285675,20
202001,36.1966709,137.9286992,21
202001,36.1967964,137.9298793,22
202001,36.1967205,137.9306435,23
202001,36.1968224,137.9312419,24
202001,36.1971578,137.9319363,25
202001,36.1972336,137.9342191,26
202001,36.1972683,137.9350292,27
202001,36.1973612,137.9355949,28
202001,36.1978354,137.9354315,29
202001,36.1983159,137.9352437,30
202001,36.1992596,137.9348468,31
202001,36.2000561,137.9344176,32
202001,36.2006059,137.9341548,33
202001,36.2008266,137.934144,34
202001,36.202121,137.9343693,35
202001,36.2050753,137.9348919,36
202001,36.204742,137.9378584,37
202001,36.2048004,137.9397177,38
202001,36.2049281,137.9425255,39
202001,36.2049952,137.9429631,40
202001,36.2054,137.9443333,41
202001,36.2057137,137.9453771,42
202001,36.2060795,137.9461679,43
202001,36.206099,137.9465895,44
202001,36.2060297,137.9496579,45
202001,36.2059302,137.9533165,46
202001,36.2059215,137.9536813,47
202001,36.2059064,137.9538034,48
202001,36.2080641,137.9558914,49
202001,36.209908,137.9576456,50
202001,36.211252,137.9589372,51
202001,36.2110839,137.9605659,52
202001,36.2121781,137.960416,53
202001,36.2149922,137.9604211,54
202001,36.2181184,137.9603921,55
202001,36.2197745,137.9603836,56
202001,36.2205665,137.9603192,57
202001,36.2215849,137.960199,58
202001,36.2228356,137.9600274,59
202001,36.2238535,137.9599111,60
202001,36.2252547,137.963246,61
202001,36.2261384,137.9651306,62
202001,36.2267918,137.9660268,63
202001,36.2270341,137.9665149,64
202001,36.2271466,137.9670836,65
202001,36.2272194,137.9685675,66
202001,36.2272721,137.9694815,67
202001,36.2286863,137.9694258,68
202001,36.2300278,137.9693829,69
202001,36.231145,137.9693581,70
202001,36.2310844,137.9656674,71
202001,36.2305652,137.9658766,72
211001,36.2299138,137.9665795,1
211001,36.2299528,137.9693797,2
211001,36.2271833,137.9694923,3
211001,36.227134,137.9682432,4
211001,36.2269799,137.966617,5
211001,36.2267333,137.9660752,6
211001,36.2263161,137.9655234,7
211001,36.2259267,137.9649388,8
211001,36.2256679,137.9643642,9
211001,36.225165,137.9632918,10
211001,36.2245072,137.9616986,11
211001,36.2241134,137.9607437,12
211001,36.2238278,137.959864,13
211001,36.2237975,137.9597781,14
211001,36.2237932,137.9584746,15
211001,36.2238191,137.9552077,16
211001,36.2238148,137.9546283,17
211001,36.2229926,137.9538236,18
211001,36.2224862,137.9533033,19
211001,36.2217722,137.9524343,20
211001,36.2210322,137.9515706,21
211001,36.2206686,137.9514097,22
211001,36.2200887,137.9511844,23
211001,36.2189289,137.9510127,24
211001,36.2182234,137.9508839,25
211001,36.2179248,137.9508947,26
211001,36.2178123,137.9510449,27
211001,36.2177214,137.9512004,28
211001,36.2167822,137.95112,29
211001,36.2162023,137.9511146,30
211001,36.2161503,137.9501061,31
211001,36.2160984,137.9489796,32
211001,36.2160421,137.9478638,33
211001,36.2159469,137.945997,34
211001,36.2158733,137.9455947,35
211001,36.2156959,137.9451494,36
211001,36.215816,137.9445365,37
211001,36.2158928,137.9440631,38
211001,36.2160638,137.9430519,39
211001,36.2163364,137.9424135,40
211001,36.2165096,137.9412548,41
211001,36.216449,137.9401176,42
211001,36.2164749,137.9389481,43
211001,36.2165355,137.9381595,44
211001,36.2165615,137.9373173,45
211001,36.2164836,137.9343776,46
211001,36.2164825,137.9341054,47
211001,36.2159534,137.9334362,48
211001,36.215328,137.9326235,49
211001,36.215015,137.9318323,50
211001,36.2149313,137.9316606,51
211001,36.2148649,137.9314916,52
211001,36.214497,137.9306494,53
211001,36.2141854,137.9298769,54
211001,36.2141205,137.9295765,55
211001,36.2140426,137.9291902,56
211001,36.2135275,137.9284875,57
211001,36.2130861,137.927876,58
211001,36.2128134,137.9276775,59
211001,36.212571,137.9275326,60
211001,36.2124368,137.9275246,61
211001,36.2122723,137.9275621,62
211001,36.2119044,137.92764,63
211001,36.2113418,137.9277472,64
211001,36.2111297,137.9276989,65
211001,36.2109674,137.9275755,66
211001,36.2108051,137.92742,67
211001,36.2105021,137.9270767,68
211001,36.2099005,137.9264115,69
211001,36.2090142,137.9254579,70
211001,36.2081453,137.9244722,71
211001,36.2080382,137.924377,72
211001,36.2079219,137.9243643,73
211001,36.2078248,137.9238483,74
211001,36.2067061,137.9214762,75
211001,36.2062192,137.9205884,76
211001,36.2058231,137.9202317,77
211001,36.2052344,137.9199742,78
211001,36.2035549,137.9187618,79
211001,36.2021697,137.918043,80
211001,36.2017368,137.9177318,81
211001,36.2015031,137.917292,82
211001,36.201475,137.9168695,83
211001,36.2014555,137.9163076,84
211001,36.2014685,137.9153232,85
211001,36.2014555,137.914945,86
211001,36.2013992,137.9145883,87
211001,36.201001,137.9138373,88
211001,36.200265,137.9120026,89
211001,36.1991872,137.9090898,90
211001,36.1979361,137.9059516,91
211001,36.1974166,137.9054044,92
211001,36.1971179,137.9051523,93
211001,36.1968885,137.9048036,94
211001,36.1967066,137.904235,95
211001,36.1961525,137.9034839,96
211001,36.1948192,137.9017673,97
211001,36.1934901,137.9000185,98
211001,36.1918817,137.8978888,99
211001,36.1914252,137.8973664,100
211001,36.1909601,137.896887,101
211001,36.1900385,137.8959281,102
211001,36.1890866,137.8949263,103
211001,36.1880524,137.8938441,104
211001,36.1872114,137.8929683,105
211001,36.186353,137.8921569,106
211001,36.1854081,137.8914153,107
211001,36.1844934,137.8906362,108
211001,36.1815232,137.8881846,109
211001,36.1800185,137.8864787,110
211001,36.1796489,137.8860388,111
211001,36.1792619,137.8856419,112
211001,36.1784143,137.8849016,113
211001,36.1771953,137.8837643,114
211001,36.1763131,137.8829436,115
211001,36.1758503,137.8825654,116
211001,36.1753875,137.882332,117
211001,36.1732397,137.8796123,118
211001,36.1684675,137.8796767,119
211001,36.1684397,137.8784787,120
211001,36.1684171,137.8780138,121
211001,36.168198,137.8770947,122
211001,36.1681837,137.876662,123
211001,36.1677968,137.8762936,124
211001,36.1675746,137.8759306,125
211001,36.1676641,137.8756374,126
211001,36.16785,137.875375,127
211001,36.1679752,137.8751984,128
211001,36.1677017,137.875033,129
211001,36.1670928,137.8747531,130
211001,36.1667884,137.874656,131
211001,36.166484,137.8746126,132
211001,36.1660581,137.8746872,133
211001,36.1656322,137.8747726,134
211001,36.1651976,137.8748634,135
211001,36.164763,137.874879,136
211001,36.1621185,137.8746019,137
211001,36.1617417,137.874555,138
211001,36.1613736,137.8744812,139
211001,36.1606633,137.8742264,140
211001,36.1602128,137.8741258,141
211001,36.1597451,137.8740735,142
211001,36.1594896,137.8739025,143
211001,36.1593531,137.8738224,144
211001,36.1591864,137.8737584,145
211001,36.1581339,137.873926,146
211001,36.1574607,137.873999,147
211001,36.1572095,137.8737201,148
211001,36.1568803,137.873527,149
211001,36.1566291,137.8734358,150
211001,36.1563952,137.8732266,151
211001,36.1561267,137.8726687,152
211001,36.1558148,137.8721108,153
211001,36.1550785,137.8717889,154
211001,36.1546194,137.8713383,155
211001,36.1543898,137.8712256,156
211001,36.1541429,137.8712095,157
211001,36.1532506,137.8711774,158
211001,36.1525663,137.8716387,159
211001,36.1522544,137.8719498,160
211001,36.1521245,137.8723897,161
211002,36.2299528,137.9693797,1
211002,36.2271833,137.9694923,2
211002,36.2270794,137.9675834,3
211002,36.2269799,137.966617,4
211002,36.2267075,137.9660311,5
211002,36.2260625,137.9651319,6
211002,36.225699,137.9644605,7
211002,36.2251494,137.9632383,8
211002,36.2241134,137.9607437,9
211002,36.2237975,137.9597781,10
211002,36.2238165,137.9562538,11
211002,36.2238148,137.9546283,12
211002,36.2227909,137.9536091,13
211002,36.2224862,137.9533033,14
211002,36.221168,137.9517262,15
211002,36.2210322,137.9515706,16
211002,36.2200887,137.9511844,17
211002,36.2188051,137.9509913,18
211002,36.2182234,137.9508839,19
211002,36.2179741,137.950884,20
211002,36.2178746,137.9509484,21
211002,36.2177214,137.9512004,22
211002,36.2168315,137.9511093,23
211002,36.2162023,137.9511146,24
211002,36.2161217,137.9493283,25
211002,36.2160438,137.9479604,26
211002,36.2159534,137.9460618,27
211002,36.2148584,137.9460832,28
211002,36.2139062,137.9460993,29
211002,36.2138933,137.9462227,30
211002,36.213811,137.9462549,31
211002,36.2137245,137.9462549,32
212001,36.1521595,137.8724139,1
212001,36.1523067,137.8718614,2
212001,36.1524453,137.8716736,3
212001,36.1532506,137.8711774,4
212001,36.1542689,137.8712069,5
212001,36.1545721,137.8712927,6
212001,36.1547757,137.8714859,7
212001,36.1550785,137.8717889,8
212001,36.1556809,137.8720062,9
212001,36.1558498,137.8721725,10
212001,36.1561833,137.8727787,11
212001,36.1563952,137.8732266,12
212001,36.1564692,137.8733473,13
212001,36.1566291,137.8734358,14
212001,36.1569586,137.8735833,15
212001,36.1572095,137.8737201,16
212001,36.1574607,137.873999,17
212001,36.1591864,137.8737584,18
212001,36.1594896,137.8739025,19
212001,36.1597739,137.8741037,20
212001,36.1602128,137.8741258,21
212001,36.1606633,137.8742264,22
212001,36.161437,137.874506,23
212001,36.1619004,137.8745865,24
212001,36.1628879,137.874683,25
212001,36.164763,137.874879,26
212001,36.1653435,137.874844,27
212001,36.1659238,137.8747045,28
212001,36.1665085,137.8746455,29
212001,36.1669242,137.8746723,30
212001,36.16734,137.8748869,31
212001,36.1679752,137.8751984,32
212001,36.167755,137.8754979,33
212001,36.1675392,137.8759235,34
212001,36.1677564,137.8762847,35
212001,36.1681837,137.876662,36
212001,36.168198,137.8770947,37
212001,36.1684171,137.8780138,38
212001,36.1684616,137.8785347,39
212001,36.1684675,137.8796767,40
212001,36.1732397,137.8796123,41
212001,36.1753875,137.882332,42
212001,36.1757064,137.8825097,43
212001,36.1758883,137.8825956,44
212001,36.1761784,137.8828477,45
212001,36.1771953,137.8837643,46
212001,36.1785296,137.8850096,47
212001,36.1792051,137.8855943,48
212001,36.1801794,137.8866725,49
212001,36.1810887,137.8877186,50
212001,36.1815232,137.8881846,51
212001,36.1826041,137.889108,52
212001,36.1841845,137.8903954,53
212001,36.1857389,137.8916668,54
212001,36.1868256,137.8925948,55
212001,36.1882067,137.8940379,56
212001,36.1902719,137.8961675,57
212001,36.1915404,137.8974818,58
212001,36.1919647,137.89797,59
212001,36.192718,137.8990053,60
212001,36.1937959,137.9004054,61
212001,36.1946531,137.9015641,62
212001,36.1962419,137.9036134,63
212001,36.1967484,137.9043107,64
212001,36.1968885,137.9048036,65
212001,36.1971683,137.9052334,66
212001,36.1976748,137.9056357,67
212001,36.1979735,137.9060059,68
212001,36.1981986,137.9066443,69
212001,36.1990298,137.9086827,70
212001,36.199796,137.9107051,71
212001,36.200744,137.9131727,72
212001,36.2010124,137.9138916,73
212001,36.2011899,137.9142349,74
212001,36.2014193,137.9146426,75
212001,36.2014539,137.9150074,76
212001,36.2014669,137.915812,77
212001,36.201475,137.9168695,78
212001,36.2015031,137.917292,79
212001,36.2016098,137.9175501,80
212001,36.201744,137.9177647,81
212001,36.2019258,137.9179203,82
212001,36.2021697,137.918043,83
212001,36.2035274,137.9187464,84
212001,36.204787,137.9196583,85
212001,36.2052344,137.9199742,86
212001,36.2058231,137.9202317,87
212001,36.2062192,137.9205884,88
212001,36.2068604,137.9218416,89
212001,36.2074145,137.9229735,90
212001,36.2078248,137.9238483,91
212001,36.2079219,137.9243643,92
212001,36.2080382,137.924377,93
212001,36.2081893,137.9245239,94
212001,36.2084295,137.9248296,95
212001,36.2092735,137.9257362,96
212001,36.2104681,137.9270398,97
212001,36.210901,137.9274957,98
212001,36.2111297,137.9276989,99
212001,36.2113418,137.9277472,100
212001,36.2120566,137.9276138,101
212001,36.2124368,137.9275246,102
212001,36.2125955,137.9275494,103
212001,36.2128465,137.9277023,104
212001,36.2131408,137.9279249,105
212001,36.2133204,137.9281904,106
212001,36.2137576,137.928802,107
212001,36.2140426,137.9291902,108
212001,36.214119,137.9294913,109
212001,36.2141854,137.9298769,110
212001,36.2146275,137.9309317,111
212001,36.2151534,137.9321869,112
212001,36.215328,137.9326235,113
212001,36.216138,137.9336809,114
212001,36.2164825,137.9341054,115
212001,36.2164951,137.9349362,116
212001,36.216547,137.9363631,117
212001,36.2165643,137.9372214,118
212001,36.2165297,137.9382729,119
212001,36.2164691,137.9390507,120
212001,36.2164474,137.9403757,121
212001,36.2165096,137.9412548,122
212001,36.2163739,137.9422854,123
212001,36.2162291,137.9427251,124
212001,36.2160324,137.9431218,125
212001,36.215851,137.9441761,126
212001,36.2156959,137.9451494,127
212001,36.2158733,137.9455947,128
212001,36.2159584,137.9463195,129
212001,36.2160276,137.9476606,130
212001,36.2161055,137.9491412,131
212001,36.2162023,137.9511146,132
212001,36.2168932,137.9511206,133
212001,36.2177214,137.9512004,134
212001,36.2179741,137.950884,135
212001,36.2182234,137.9508839,136
212001,36.2200887,137.9511844,137
212001,36.2210322,137.9515706,138
212001,36.2219438,137.9526602,139
212001,36.2226275,137.9534488,140
212001,36.2238148,137.9546283,141
212001,36.2237917,137.9589151,142
212001,36.2237949,137.9599115,143
212001,36.223995,137.9603743,144
212001,36.2254404,137.9636466,145
212001,36.2261069,137.9650949,146
212001,36.2268209,137.9660605,147
212001,36.2270459,137.9665487,148
212001,36.2271466,137.9670836,149
212001,36.2272721,137.9694815,150
212001,36.231145,137.9693581,151
212001,36.2310844,137.9656674,152
212001,36.2305652,137.9658766,153
212002,36.2137532,137.9462583,1
212002,36.2136883,137.9462315,2
212002,36.2136536,137.9461617,3
212002,36.2136493,137.9461027,4
212002,36.2136753,137.9460062,5
212002,36.2137705,137.9459472,6
212002,36.2138571,137.9459847,7
212002,36.2139062,137.9460993,8
212002,36.2139609,137.9461135,9
212002,36.2159534,137.9460618,10
212002,36.216073,137.9484845,11
212002,36.2162023,137.9511146,12
212002,36.2168932,137.9511206,13
212002,36.2177479,137.9512043,14
212002,36.2178123,137.9510449,15
212002,36.2179248,137.9508947,16
212002,36.2182234,137.9508839,17
212002,36.219042,137.9510219,18
212002,36.2200887,137.9511844,19
212002,36.2206686,137.9514097,20
212002,36.2210673,137.9515691,21
212002,36.2213357,137.9519017,22
212002,36.2222099,137.9529746,23
212002,36.2228417,137.9536773,24
212002,36.2232961,137.9541333,25
212002,36.2236293,137.9544659,26
212002,36.2238148,137.9546283,27
212002,36.2238067,137.9579635,28
212002,36.2237949,137.9599115,29
212002,36.2239106,137.9600449,30
212002,36.2249925,137.9625876,31
212002,36.2255074,137.9637999,32
212002,36.2261384,137.9651306,33
212002,36.2267918,137.9660268,34
212002,36.2270341,137.9665149,35
212002,36.2271466,137.9670836,36
212002,36.2272471,137.9689122,37
212002,36.2272721,137.9694815,38
212002,36.231145,137.9693581,39
212002,36.2310844,137.9656674,40
212002,36.2305652,137.9658766,41
211003,36.2299138,137.9665795,1
211003,36.2299528,137.9693797,2
211003,36.2272721,137.9694815,3
211003,36.2269799,137.966617,4
211003,36.2267333,137.9660752,5
211003,36.2262588,137.9654149,6
211003,36.2254041,137.9637847,7
211003,36.2241134,137.9607437,8
211003,36.2237975,137.9597781,9
211003,36.2238148,137.9546283,10
211003,36.2227015,137.9535328,11
211003,36.222364,137.9531626,12
211003,36.221862,137.9525618,13
211003,36.221334,137.9519395,14
211003,36.2210549,137.9515989,15
211003,36.220845,137.9514862,16
211003,36.2200887,137.9511844,17
211003,36.2197609,137.9511188,18
211003,36.2182234,137.9508839,19
211003,36.2179741,137.950884,20
211003,36.2178746,137.9509484,21
211003,36.2177214,137.9512004,22
211003,36.2175255,137.9511912,23
211003,36.2168634,137.9511161,24
211003,36.2162023,137.9511146,25
211003,36.2161817,137.950534,26
211003,36.2161211,137.9495068,27
211003,36.2160778,137.9486216,28
211003,36.2160108,137.947428,29
211003,36.2159329,137.9460789,30
211003,36.2151884,137.9460869,31
211003,36.2147556,137.946095,32
211003,36.213916,137.9461164,33
211003,36.2138943,137.9461942,34
211003,36.2138381,137.9462532,35
211003,36.2137688,137.9462693,36
211003,36.2137039,137.9462613,37
211003,36.2136758,137.946213,38
211003,36.2136536,137.9461617,39
211003,36.213652,137.9460735,40
211003,36.2136909,137.9459984,41
211003,36.2137705,137.9459472,42
211003,36.2138571,137.9459847,43
211003,36.2138943,137.9460789,44
211003,36.2139744,137.9461057,45
211003,36.2144029,137.9460896,46
211003,36.2150261,137.9460843,47
211003,36.2159393,137.9460749,48
211003,36.2159155,137.9457047,49
211003,36.2157835,137.9453909,50
211003,36.2157359,137.945238,51
211003,36.2157684,137.944766,52
211003,36.2159632,137.9436153,53
211003,36.2160324,137.9431218,54
211003,36.2162877,137.9426309,55
211003,36.2164176,137.9418611,56
211003,36.2164977,137.9412737,57
211003,36.2164803,137.941153,58
211003,36.2164717,137.9407802,59
211003,36.2164479,137.9403564,60
211003,36.2164587,137.9395812,61
211003,36.2164565,137.939313,62
211003,36.216476,137.9389724,63
211003,36.2165355,137.9381595,64
211003,36.2165539,137.9375723,65
211003,36.2165604,137.9370814,66
211003,36.216547,137.9363631,67
211003,36.2165193,137.935633,68
211003,36.2164825,137.9349035,69
211003,36.2164825,137.9341054,70
211003,36.2162596,137.9338091,71
211003,36.2157641,137.9331949,72
211003,36.215328,137.9326235,73
211003,36.2152577,137.9324627,74
211003,36.215011,137.9318645,75
211003,36.2147102,137.9311028,76
211003,36.2144808,137.9306039,77
211003,36.2142016,137.9298851,78
211003,36.2141497,137.9296866,79
211003,36.2140426,137.9291902,80
211003,36.2136347,137.9286378,81
211003,36.2133204,137.9281904,82
211003,36.2131239,137.9279002,83
211003,36.2128134,137.9276775,84
211003,36.2125955,137.9275494,85
211003,36.2124368,137.9275246,86
211003,36.2122778,137.9275408,87
211003,36.2117043,137.9276696,88
211003,36.2113418,137.9277472,89
211003,36.211107,137.9276883,90
211003,36.2108646,137.9274845,91
211003,36.2106309,137.9271948,92
211003,36.2099881,137.9265135,93
211003,36.2096765,137.9261756,94
211003,36.2091311,137.9255855,95
211003,36.2084992,137.9248881,96
211003,36.2082243,137.9245823,97
211003,36.2081269,137.9244509,98
211003,36.2080382,137.924377,99
211003,36.2079219,137.9243643,100
211003,36.2078802,137.9241425,101
211003,36.2078542,137.9239574,102
211003,36.2078196,137.9238286,103
211003,36.2075448,137.9232278,104
211003,36.2072006,137.9225143,105
211003,36.2068522,137.9217982,106
211003,36.2064237,137.920956,107
211003,36.2062094,137.9206046,108
211003,36.2059713,137.9203418,109
211003,36.2058025,137.9202291,110
211003,36.2051706,137.9199367,111
211003,36.2048611,137.9197222,112
211003,36.2041793,137.9192206,113
211003,36.2039564,137.9190516,114
211003,36.2035274,137.9187464,115
211003,36.2033677,137.9186439,116
211003,36.2026881,137.918306,117
211003,36.2020604,137.9179814,118
211003,36.2019258,137.9179203,119
211003,36.201844,137.9178366,120
211003,36.2017704,137.9177937,121
211003,36.2016535,137.9176113,122
211003,36.201515,137.9172626,123
211003,36.2014544,137.9168924,124
211003,36.2014609,137.916246,125
211003,36.2014555,137.914945,126
211003,36.2013992,137.9145883,127
211003,36.2011752,137.9141432,128
211003,36.2009652,137.9137891,129
211003,36.2007207,137.9131347,130
211003,36.2004826,137.912507,131
211003,36.2001925,137.9117372,132
211003,36.1998679,137.9109111,133
211003,36.1995475,137.9100394,134
211003,36.1986969,137.9078775,135
211003,36.1982943,137.9068744,136
211003,36.1979523,137.9060429,137
211003,36.1978744,137.9058712,138
211003,36.1976748,137.9056357,139
211003,36.1971179,137.9051523,140
211003,36.1968885,137.9048036,141
211003,36.1967056,137.9042726,142
211003,36.1964155,137.9038542,143
211003,36.1960389,137.9033231,144
211003,36.1956233,137.902776,145
211003,36.1950432,137.9020464,146
211003,36.1945453,137.9014295,147
211003,36.1935539,137.9000991,148
211003,36.1930691,137.8994608,149
211003,36.1926967,137.8989511,150
211003,36.1922638,137.8984093,151
211003,36.1920084,137.8980553,152
211003,36.1918395,137.8978353,153
211003,36.1915884,137.8975296,154
211003,36.1912811,137.8972023,155
211003,36.1908135,137.8967088,156
211003,36.1900385,137.8959281,157
211003,36.1893631,137.8952014,158
211003,36.188731,137.894547,159
211003,36.1883241,137.8941661,160
211003,36.1879171,137.893694,161
211003,36.1869602,137.8927284,162
211003,36.1868256,137.8925948,163
211003,36.1865186,137.8923261,164
211003,36.1857389,137.8916668,165
211003,36.1851505,137.8911674,166
211003,36.1845573,137.8906953,167
211003,36.1833709,137.8897136,168
211003,36.1827301,137.8891933,169
211003,36.1824768,137.8889948,170
211003,36.1822149,137.8887748,171
211003,36.1815232,137.8881846,172
211003,36.1811757,137.8878414,173
211003,36.1805089,137.8870421,174
211003,36.179933,137.8863769,175
211003,36.1796147,137.8860363,176
211003,36.1793853,137.8857681,177
211003,36.1790713,137.8854865,178
211003,36.1784608,137.88495,179
211003,36.1777247,137.8842446,180
211003,36.1769193,137.8835258,181
211003,36.1761225,137.8828069,182
211003,36.1758194,137.8825548,183
211003,36.1756419,137.8825012,184
211003,36.1754037,137.882367,185
211003,36.1752218,137.8821525,186
211003,36.1745247,137.8812459,187
211003,36.1743558,137.8810098,188
211003,36.1737799,137.8802642,189
211003,36.1735937,137.8800013,190
211003,36.1734811,137.8798887,191
211003,36.1732397,137.8796123,192
211003,36.1731043,137.8795883,193
211003,36.1727233,137.879599,194
211003,36.1687349,137.8796956,195
211003,36.1684675,137.8796767,196
211003,36.1684616,137.8785347,197
211003,36.1684171,137.8780138,198
211003,36.1682672,137.8773996,199
211003,36.168198,137.8770947,200
211003,36.1681837,137.876662,201
211003,36.1679556,137.8765261,202
211003,36.1677124,137.8762427,203
211003,36.1675692,137.8757844,204
211003,36.167755,137.8754979,205
211003,36.1679752,137.8751984,206
211003,36.1670676,137.8747174,207
211003,36.1667125,137.8746423,208
211003,36.1664786,137.8746584,209
211003,36.1660196,137.8746959,210
211003,36.1655605,137.8747764,211
211003,36.1653435,137.874844,212
211003,36.1651447,137.8748515,213
211003,36.1645081,137.8748622,214
211003,36.164127,137.8748193,215
211003,36.162923,137.8746745,216
211003,36.1622733,137.8745994,217
211003,36.1618508,137.8745768,218
211003,36.161437,137.874506,219
211003,36.1606633,137.8742264,220
211003,36.1603287,137.874138,221
211003,36.1597451,137.8740735,222
211003,36.1594538,137.8739127,223
211003,36.1591864,137.8737584,224
211003,36.1587955,137.8738108,225
211003,36.157821,137.8739449,226
211003,36.1574139,137.8739878,227
211003,36.1571756,137.8736981,228
211003,36.1568803,137.873527,229
211003,36.1566291,137.8734358,230
211003,36.1564692,137.8733473,231
211003,36.156344,137.8731295,232
211003,36.1561833,137.8727787,233
211003,36.1558498,137.8721725,234
211003,36.1556809,137.8720062,235
211003,36.1554301,137.8719279,236
211003,36.1550785,137.8717889,237
211003,36.1547757,137.8714859,238
211003,36.1545721,137.8712927,239
211003,36.1542689,137.8712069,240
211003,36.1532861,137.8711608,241
211003,36.1529266,137.8713593,242
211003,36.1525663,137.8716387,243
211003,36.1524021,137.8717431,244
211003,36.1522812,137.8719547,245
211003,36.1521595,137.8724139,246
212003,36.1521595,137.8724139,1
212003,36.1523272,137.8718212,2
212003,36.1525005,137.8716549,3
212003,36.1532861,137.8711608,4
212003,36.1542689,137.8712069,5
212003,36.1545721,137.8712927,6
212003,36.1547138,137.8713921,7
212003,36.1549261,137.8716657,8
212003,36.155082,137.8718212,9
212003,36.1556104,137.8719929,10
212003,36.155762,137.8720787,11
212003,36.1558963,137.8722289,12
212003,36.1561085,137.8726098,13
212003,36.1562774,137.8730068,14
212003,36.1563952,137.8732266,15
212003,36.1564983,137.8733501,16
212003,36.1567019,137.8734627,17
212003,36.1569878,137.8735808,18
212003,36.1572095,137.8737201,19
212003,36.1574139,137.8739878,20
212003,36.1591864,137.8737584,21
212003,36.1597451,137.8740735,22
212003,36.1602128,137.8741258,23
212003,36.1606633,137.8742264,24
212003,36.161437,137.874506,25
212003,36.1618213,137.8745678,26
212003,36.1627265,137.8746483,27
212003,36.1641773,137.874836,28
212003,36.1647057,137.8748575,29
212003,36.1653435,137.874844,30
212003,36.1658707,137.8747073,31
212003,36.1665809,137.874659,32
212003,36.1668754,137.8746644,33
212003,36.1670183,137.874718,34
212003,36.1679752,137.8751984,35
212003,36.1677112,137.8755924,36
212003,36.1675392,137.8759235,37
212003,36.1677112,137.8761503,38
212003,36.1678844,137.8764293,39
212003,36.1681659,137.8767082,40
212003,36.1681962,137.8770623,41
212003,36.1684171,137.8780138,42
212003,36.1684397,137.8784787,43
212003,36.1684675,137.8796767,44
212003,36.1705781,137.8796479,45
212003,36.1731806,137.8795835,46
212003,36.1732846,137.8796747,47
212003,36.1747829,137.8815791,48
212003,36.1753875,137.882332,49
212003,36.175571,137.8824535,50
212003,36.1758005,137.8824803,51
212003,36.1768527,137.8834835,52
212003,36.1784938,137.8849748,53
212003,36.1792342,137.8856292,54
212003,36.1797538,137.8861925,55
212003,36.1805809,137.8871474,56
212003,36.1809143,137.8875443,57
212003,36.1815232,137.8881846,58
212003,36.1816937,137.8883597,59
212003,36.1825293,137.8890464,60
212003,36.1836031,137.8899154,61
212003,36.1846033,137.8907308,62
212003,36.186353,137.8921569,63
212003,36.1870842,137.8928605,64
212003,36.1882067,137.8940379,65
212003,36.1904352,137.8963259,66
212003,36.1915404,137.8974818,67
212003,36.1920804,137.8981391,68
212003,36.1925479,137.8987828,69
212003,36.1932493,137.8996947,70
212003,36.1946531,137.9015641,71
212003,36.195929,137.9031923,72
212003,36.1967484,137.9043107,73
212003,36.1969247,137.9048553,74
212003,36.1971779,137.9052496,75
212003,36.1975787,137.9055791,76
212003,36.1979361,137.9059516,77
212003,36.1991152,137.908943,78
212003,36.2009073,137.9136422,79
212003,36.2010384,137.9139138,80
212003,36.2014193,137.9146426,81
212003,36.2014555,137.914945,82
212003,36.201475,137.9168695,83
212003,36.2015031,137.917292,84
212003,36.2016098,137.9175501,85
212003,36.2017704,137.9177937,86
212003,36.2021119,137.9180149,87
212003,36.2035549,137.9187618,88
212003,36.2051706,137.9199367,89
212003,36.2058231,137.9202317,90
212003,36.2060553,137.9204182,91
212003,36.2062094,137.9206046,92
212003,36.2067782,137.9216895,93
212003,36.207276,137.922698,94
212003,36.2078196,137.9238286,95
212003,36.2078733,137.9240445,96
212003,36.2079219,137.9243643,97
212003,36.2080382,137.924377,98
212003,36.2081453,137.9244722,99
212003,36.2096765,137.9261756,100
212003,36.2106391,137.927231,101
212003,36.210901,137.9274957,102
212003,36.211107,137.9276883,103
212003,36.2113598,137.9277567,104
212003,36.2124368,137.9275246,105
212003,36.212571,137.9275326,106
212003,36.2131408,137.9279249,107
212003,36.2134243,137.9283307,108
212003,36.2140426,137.9291902,109
212003,36.2142016,137.9298851,110
212003,36.2146275,137.9309317,111
212003,36.2152577,137.9324627,112
212003,36.215328,137.9326235,113
212003,36.2164825,137.9341054,114
212003,36.2164712,137.9351918,115
212003,36.2165362,137.9361896,116
212003,36.2165643,137.9372214,117
212003,36.2165355,137.9381595,118
212003,36.2164749,137.9389481,119
212003,36.2164453,137.9393492,120
212003,36.2164977,137.9412737,121
212003,36.2163847,137.9421602,122
212003,36.2162877,137.9426309,123
212003,36.2161726,137.9428575,124
212003,36.2160324,137.9431218,125
212003,36.2156959,137.9451494,126
212003,36.2158733,137.9455947,127
212003,36.2159259,137.9459099,128
212003,36.2159534,137.9460618,129
212003,36.213916,137.9461164,130
212003,36.2138933,137.9462227,131
212003,36.213811,137.9462549,132
212003,36.2137245,137.9462549,133
212003,36.2136536,137.9461617,134
212003,36.213652,137.9460735,135
212003,36.2136909,137.9459984,136
212003,36.2137705,137.9459472,137
212003,36.2138571,137.9459847,138
212003,36.2138943,137.9460789,139
212003,36.2139609,137.9461135,140
212003,36.2159534,137.9460618,141
212003,36.2159562,137.9461888,142
212003,36.2161211,137.9495068,143
212003,36.2162023,137.9511146,144
212003,36.2168315,137.9511093,145
212003,36.2177214,137.9512004,146
212003,36.2179248,137.9508947,147
212003,36.2180769,137.9508773,148
212003,36.2183149,137.9509042,149
212003,36.2200887,137.9511844,150
212003,36.2210322,137.9515706,151
212003,36.2221104,137.9528407,152
212003,36.2226275,137.9534488,153
212003,36.2238148,137.9546283,154
212003,36.2238111,137.9571108,155
212003,36.2237949,137.9599115,156
212003,36.2241703,137.960721,157
212003,36.2251267,137.9629634,158
212003,36.2261069,137.9650949,159
212003,36.2267789,137.9659836,160
212003,36.2270341,137.9665149,161
212003,36.2271466,137.9670836,162
212003,36.2271952,137.9679094,163
212003,36.2272721,137.9694815,164
212003,36.2282652,137.9694333,165
212003,36.2292637,137.9693685,166
212003,36.2299528,137.9693797,167
212003,36.2301594,137.9693899,168
212003,36.2305056,137.969347,169
212003,36.231145,137.9693581,170
212003,36.231116,137.966277,171
212003,36.2310844,137.9656674,172
212003,36.2305652,137.9658766,173
221001,36.2299138,137.9665795,1
221001,36.2299528,137.9693797,2
221001,36.2305954,137.969385,3
221001,36.231145,137.9693581,4
221001,36.231232,137.970898,5
221001,36.2312319,137.9715131,6
221001,36.2299833,137.971546,7
221001,36.2290635,137.9715503,8
221001,36.2283301,137.9715824,9
221001,36.2263784,137.9716226,10
221001,36.2255476,137.9716441,11
221001,36.2252101,137.971679,12
221001,36.2248812,137.9717461,13
221001,36.2243965,137.9718265,14
221001,36.2240416,137.9719016,15
221001,36.2231328,137.9720625,16
221001,36.2216787,137.9723415,17
221001,36.2205059,137.9725614,18
221001,36.2192985,137.9728028,19
221001,36.2185714,137.972953,20
221001,36.2180088,137.9729852,21
221001,36.2176366,137.9729423,22
221001,36.2174807,137.9732642,23
221001,36.217299,137.9734841,24
221001,36.2170739,137.9736289,25
221001,36.2168056,137.9738328,26
221001,36.2165373,137.9739455,27
221001,36.2161847,137.9739828,28
221001,36.2156243,137.9739718,29
221001,36.2149231,137.9739211,30
221001,36.2142262,137.9738918,31
221001,36.2138669,137.9738167,32
221001,36.2135596,137.973586,33
221001,36.2122265,137.9730066,34
221001,36.2109107,137.9723844,35
221001,36.2104173,137.9721618,36
221001,36.2099239,137.9718962,37
221001,36.208937,137.9713651,38
221001,36.2081709,137.9711398,39
221001,36.2073961,137.9712686,40
221001,36.2071797,137.9712847,41
221001,36.2069546,137.9712042,42
221001,36.2063832,137.9710272,43
221001,36.2061582,137.9709145,44
221001,36.2061235,137.9706356,45
221001,36.205734,137.9706678,46
221001,36.2050847,137.9705176,47
221001,36.2032233,137.9701367,48
221001,36.2028814,137.9705873,49
221001,36.2019853,137.9702494,50
221001,36.2012148,137.9699114,51
221001,36.2004356,137.9696378,52
221001,36.1990504,137.9691979,53
221001,36.1985136,137.9691979,54
221001,36.197466,137.9693589,55
221001,36.1969119,137.9693696,56
221001,36.1957647,137.9697988,57
221001,36.1957019,137.9699865,58
221001,36.1952928,137.9705712,59
221001,36.1944919,137.9716602,60
221001,36.1939334,137.9721162,61
221001,36.1934009,137.9725078,62
221001,36.1929117,137.9728993,63
221001,36.1921844,137.973983,64
221001,36.1918423,137.9745623,65
221001,36.1907968,137.9762253,66
221001,36.1897426,137.9778239,67
221001,36.1893226,137.9783496,68
221001,36.1888767,137.9788539,69
221001,36.1880715,137.9792079,70
221001,36.1872662,137.9796478,71
221001,36.1867466,137.980077,72
221001,36.1864652,137.980592,73
221001,36.1862725,137.9808548,74
221001,36.1860712,137.981064,75
221001,36.1853481,137.9816916,76
221001,36.1846164,137.9822656,77
221001,36.1843263,137.9825982,78
221001,36.1840492,137.9828933,79
221001,36.1820489,137.9833815,80
221001,36.1814816,137.9835317,81
221001,36.1811092,137.9836926,82
221001,36.1807672,137.983934,83
221001,36.180148,137.98439,84
221001,36.1795505,137.9851624,85
221001,36.179239,137.985706,86
221001,36.178849,137.986128,87
221001,36.1786412,137.9862756,88
221001,36.1784333,137.9863265,89
221001,36.175701,137.9865089,90
221001,36.1757486,137.9817292,91
221001,36.175688,137.9805383,92
221001,36.1755711,137.9798034,93
221001,36.1754369,137.979165,94
221001,36.1752636,137.9785695,95
221001,36.1749865,137.9780599,96
221001,36.1735705,137.9777006,97
221001,36.1736723,137.9772365,98
221001,36.1737188,137.976967,99
221001,36.1737221,137.9766545,100
221001,36.1736874,137.9758391,101
221001,36.1736571,137.9754796,102
221001,36.1737805,137.9746938,103
221001,36.1738693,137.9740688,104
221001,36.173839,137.9737898,105
221001,36.1738519,137.9734894,106
221001,36.1739213,137.9731032,107
221001,36.1740079,137.9725775,108
221001,36.174088,137.9719794,109
221001,36.1741508,137.9713598,110
221001,36.1742071,137.9700455,111
221001,36.174233,137.9696647,112
221001,36.1741291,137.9690987,113
221001,36.1741291,137.9684899,114
221001,36.1741291,137.9664889,115
221001,36.1741811,137.9644879,116
221001,36.1743976,137.9621276,117
221001,36.1746488,137.9593274,118
221001,36.1747787,137.9584154,119
221001,36.1748826,137.9576322,120
221001,36.1749735,137.9568544,121
221001,36.17477,137.9567954,122
221001,36.174796,137.9566827,123
221001,36.1749172,137.9566452,124
221001,36.1749779,137.9567257,125
221002,36.2299138,137.9665795,1
221002,36.2299528,137.9693797,2
221002,36.231145,137.9693581,3
221002,36.2312319,137.9715131,4
221002,36.2255885,137.9716411,5
221002,36.2251645,137.971684,6
221002,36.2247706,137.9717645,7
221002,36.2237537,137.9719469,8
221002,36.2230699,137.9720703,9
221002,36.2220313,137.9722741,10
221002,36.2207373,137.9725263,11
221002,36.2190841,137.9728374,12
221002,36.2185714,137.972953,13
221002,36.2180088,137.9729852,14
221002,36.2176366,137.9729423,15
221002,36.2174807,137.9732642,16
221002,36.217299,137.9734841,17
221002,36.2168056,137.9738328,18
221002,36.2165373,137.9739455,19
221002,36.2161847,137.9739828,20
221002,36.2148947,137.973921,21
221002,36.2142262,137.9738918,22
221002,36.2138559,137.9737815,23
221002,36.2134794,137.9735723,24
221002,36.2128648,137.9732719,25
221002,36.2113932,137.9726389,26
221002,36.2096186,137.9717484,27
221002,36.2090083,137.9714105,28
221002,36.2081709,137.9711398,29
221002,36.2071797,137.9712847,30
221002,36.2063832,137.9710272,31
221002,36.2061299,137.9709008,32
221002,36.2060909,137.9706219,33
221002,36.205734,137.9706678,34
221002,36.2039613,137.9702839,35
221002,36.2032233,137.9701367,36
221002,36.2028814,137.9705873,37
221002,36.2020523,137.9702732,38
221002,36.200719,137.969726,39
221002,36.1994593,137.9693183,40
221002,36.1989139,137.9691628,41
221002,36.1985632,137.9692218,42
221002,36.1983381,137.9692647,43
221002,36.197468,137.9693237,44
221002,36.1969009,137.9694042,45
221002,36.1957647,137.9697988,46
221002,36.1957019,137.9699865,47
221002,36.1944919,137.9716602,48
221002,36.1942385,137.9718879,49
221002,36.1932081,137.9726496,50
221002,36.1928531,137.9729715,51
221002,36.1918877,137.9744843,52
221002,36.1907968,137.9762253,53
221002,36.1897426,137.9778239,54
221002,36.1892598,137.9784271,55
221002,36.1888767,137.9788539,56
221002,36.1878354,137.9793337,57
221002,36.1872682,137.9796824,58
221002,36.1867466,137.980077,59
221002,36.1863027,137.980825,60
221002,36.1860472,137.9810986,61
221002,36.1852982,137.9817316,62
221002,36.1846164,137.9822656,63
221002,36.1840492,137.9828933,64
221002,36.1835966,137.9830405,65
221002,36.181436,137.9835501,66
221002,36.181055,137.9837272,67
221002,36.180148,137.98439,68
221002,36.1795135,137.9852024,69
221002,36.1791974,137.985712,70
221002,36.178955,137.9860446,71
221002,36.1787341,137.9862538,72
221002,36.17847,137.9863396,73
221002,36.1763785,137.9864523,74
221002,36.175701,137.9865089,75
221002,36.1757333,137.9832926,76
221002,36.175742,137.9818067,77
221002,36.175688,137.9805383,78
221002,36.1754865,137.9793927,79
221002,36.1753436,137.9788026,80
221002,36.1751574,137.9783198,81
221002,36.1749865,137.9780599,82
221002,36.1735705,137.9777006,83
221002,36.1737241,137.97685,84
221002,36.1737284,137.9760346,85
221002,36.1736571,137.9754796,86
221002,36.1738693,137.9740688,87
221002,36.173828,137.9736528,88
221002,36.173906,137.9731485,89
221002,36.174088,137.9719794,90
231001,36.2299138,137.9665795,1
231001,36.2299528,137.9693797,2
231001,36.231145,137.9693581,3
231001,36.2310995,137.9715824,4
231001,36.2263346,137.9716329,5
231001,36.2260273,137.9716222,6
231001,36.2255476,137.9716441,7
231001,36.2251645,137.971684,8
231001,36.2248243,137.971751,9
231001,36.2240064,137.9719012,10
231001,36.2225004,137.9721801,11
231001,36.2210722,137.9724591,12
231001,36.2200639,137.9726468,13
231001,36.2189819,137.9728721,14
231001,36.2185145,137.972958,15
231001,36.218125,137.9729848,16
231001,36.2176366,137.9729423,17
231001,36.2174807,137.9732642,18
231001,36.217299,137.9734841,19
231001,36.2169651,137.973709,20
231001,36.2168056,137.9738328,21
231001,36.2165373,137.9739455,22
231001,36.2161428,137.9739879,23
231001,36.2155802,137.9739611,24
231001,36.2148185,137.9739128,25
231001,36.2142262,137.9738918,26
231001,36.2138559,137.9737815,27
231001,36.2134794,137.9735723,28
231001,36.2130959,137.973371,29
231001,36.2123211,137.9730438,30
231001,36.2111785,137.9725127,31
231001,36.2100228,137.9719655,32
231001,36.208937,137.9713651,33
231001,36.2083997,137.9712145,34
231001,36.2081184,137.9711662,35
231001,36.2071797,137.9712847,36
231001,36.2063832,137.9710272,37
231001,36.2061299,137.9709008,38
231001,36.2060909,137.9706219,39
231001,36.205734,137.9706678,40
231001,36.2046382,137.970426,41
231001,36.2032233,137.9701367,42
231001,36.2028548,137.9705815,43
231001,36.201106,137.9698681,44
231001,36.1996818,137.9693853,45
231001,36.1989139,137.9691628,46
231001,36.1985136,137.9691979,47
231001,36.1980368,137.969278,48
231001,36.197466,137.9693589,49
231001,36.1969009,137.9694042,50
231001,36.1957647,137.9697988,51
231001,36.1957019,137.9699865,52
231001,36.1944919,137.9716602,53
231001,36.1937467,137.9722552,54
231001,36.1929544,137.972856,55
231001,36.1927466,137.9731457,56
231001,36.1918423,137.9745623,57
231001,36.1905127,137.9766701,58
231001,36.189781,137.9777698,59
231001,36.1892598,137.9784271,60
231001,36.1888502,137.9788695,61
231001,36.187928,137.979288,62
231001,36.1873911,137.9796045,63
231001,36.1867466,137.980077,64
231001,36.1863027,137.980825,65
231001,36.1859753,137.9811816,66
231001,36.1852982,137.9817316,67
231001,36.1846164,137.9822656,68
231001,36.1840492,137.9828933,69
231001,36.1837152,137.9830002,70
231001,36.1827886,137.9832201,71
231001,36.1820223,137.9834078,72
231001,36.1814031,137.9835473,73
231001,36.181055,137.9837272,74
231001,36.180148,137.98439,75
231001,36.1795196,137.9852371,76
231001,36.1792598,137.9856341,77
231001,36.178955,137.9860446,78
231001,36.1787341,137.9862538,79
231001,36.17847,137.9863396,80
231001,36.1765491,137.9864441,81
231001,36.175701,137.9865089,82
231001,36.1757567,137.987517,83
231001,36.1748907,137.987635,84
231001,36.1752284,137.9912828,85
231001,36.1753367,137.9922001,86
231001,36.1748257,137.9923074,87
231001,36.1743883,137.9925005,88
231001,36.1742454,137.9925327,89
231001,36.1741718,137.9925327,90
231001,36.1741242,137.9926668,91
231001,36.1734833,137.99529,92
231001,36.1735569,137.9957889,93
231001,36.1737258,137.9962824,94
231001,36.1739856,137.9969745,95
231001,36.1739813,137.9970549,96
231001,36.1739293,137.9971408,97
231001,36.1734725,137.9973848,98
231001,36.1728013,137.9977389,99
231001,36.1719265,137.9981788,100
231001,36.1725155,137.9992731,101
231001,36.1730871,137.9986401,102
231001,36.173702,137.9981144,103
231001,36.1744728,137.997696,104
231001,36.1757719,137.9971381,105
231001,36.1768024,137.9968269,106
231001,36.1775472,137.9965694,107
231001,36.1785085,137.9960008,108
231001,36.1790628,137.9955288,109
231001,36.1792013,137.9957648,110
231001,36.1792879,137.9959686,111
231001,36.1794784,137.9963441,112
231001,36.1797062,137.9962521,113
231001,36.1798396,137.9962437,114
231001,36.1799643,137.9962031,115
241001,36.2299138,137.9665795,1
241001,36.2299528,137.9693797,2
241001,36.231145,137.9693581,3
241001,36.2312319,137.9715131,4
241001,36.2283301,137.9715824,5
241001,36.2252838,137.9716681,6
241001,36.2244962,137.9717968,7
241001,36.2196839,137.9727303,8
241001,36.2185714,137.972953,9
241001,36.2176366,137.9729423,10
241001,36.2174807,137.9732642,11
241001,36.217299,137.9734841,12
241001,36.2170739,137.9736289,13
241001,36.2168056,137.9738328,14
241001,36.2165373,137.9739455,15
241001,36.2161428,137.9739879,16
241001,36.2142262,137.9738918,17
241001,36.2138669,137.9738167,18
241001,36.2134794,137.9735723,19
241001,36.211516,137.972646,20
241001,36.2090801,137.971475,21
241001,36.208803,137.9713355,22
241001,36.2081709,137.9711398,23
241001,36.2071797,137.9712847,24
241001,36.2061582,137.9709145,25
241001,36.2061235,137.9706356,26
241001,36.205734,137.9706678,27
241001,36.2032233,137.9701367,28
241001,36.2028814,137.9705873,29
241001,36.2020523,137.9702732,30
241001,36.1990504,137.9691979,31
241001,36.1969119,137.9693696,32
241001,36.1957647,137.9697988,33
241001,36.195635,137.9701017,34
241001,36.1954012,137.9704021,35
241001,36.1944919,137.9716602,36
241001,36.1930981,137.9727624,37
241001,36.192795,137.9730414,38
241001,36.1918423,137.9745623,39
241001,36.1900416,137.9773758,40
241001,36.1897426,137.9778239,41
241001,36.1892598,137.9784271,42
241001,36.1888767,137.9788539,43
241001,36.187928,137.979288,44
241001,36.1872682,137.9796824,45
241001,36.1867466,137.980077,46
241001,36.1863027,137.980825,47
241001,36.1858939,137.981249,48
241001,36.1846164,137.9822656,49
241001,36.1840492,137.9828933,50
241001,36.1832701,137.9831265,51
241001,36.181436,137.9835501,52
241001,36.1809233,137.9837702,53
241001,36.180148,137.98439,54
241001,36.1794424,137.9853045,55
241001,36.179239,137.985706,56
241001,36.1789055,137.9861198,57
241001,36.1786412,137.9862756,58
241001,36.1782993,137.9863452,59
241001,36.175701,137.9865089,60
241001,36.1748438,137.9865812,61
241001,36.174177,137.9868387,62
241001,36.1724535,137.9875253,63
241001,36.1717866,137.9876541,64
241001,36.1703489,137.9878257,65
241001,36.1682529,137.987933,66
241001,36.1674214,137.9881691,67
241001,36.1648489,137.987182,68
241001,36.1642773,137.9870533,69
241001,36.1633938,137.9869889,70
241001,36.1623717,137.9864739,71
241001,36.160637,137.986655,72
241001,36.1597211,137.9872249,73
241001,36.1595478,137.9876004,74
241001,36.1592014,137.9879116,75
241001,36.1589328,137.9876433,76
241001,36.1583871,137.9873858,77
222002,36.174973,137.956668,1
222002,36.1749779,137.9567257,2
222002,36.1749735,137.9568544,3
222002,36.1746636,137.9592327,4
222002,36.1745597,137.9601983,5
222002,36.1743735,137.962344,6
222002,36.1741811,137.9644879,7
222002,36.1741397,137.9663084,8
222002,36.1741291,137.9690987,9
222002,36.174233,137.9696647,10
222002,36.1741916,137.9704765,11
222002,36.1741527,137.9714689,12
222002,36.1739881,137.972692,13
222002,36.1738519,137.9734894,14
222002,36.173828,137.9736528,15
222002,36.1738625,137.9741833,16
222002,36.173724,137.9749987,17
222002,36.173646,137.9755352,18
222002,36.1737284,137.9760346,19
222002,36.1737153,137.9769031,20
222002,36.1735705,137.9777006,21
222002,36.1749865,137.9780599,22
222002,36.1751574,137.9783198,23
222002,36.1753436,137.9788026,24
222002,36.1756076,137.979993,25
222002,36.1756942,137.9805884,26
222002,36.1757486,137.9817292,27
222002,36.175701,137.9865089,28
222002,36.1770508,137.9863811,29
222002,36.1784006,137.9863605,30
222002,36.17876,137.9862211,31
222002,36.178955,137.9860446,32
222002,36.1797689,137.9848746,33
222002,36.180148,137.98439,34
222002,36.1809163,137.9838071,35
222002,36.1811501,137.9836408,36
222002,36.181436,137.9835501,37
222002,36.1827886,137.9832201,38
222002,36.1840492,137.9828933,39
222002,36.1846164,137.9822656,40
222002,36.1860081,137.981141,41
222002,36.1863545,137.9807601,42
222002,36.1866792,137.9802183,43
222002,36.1868134,137.9799983,44
222002,36.187727,137.9793814,45
222002,36.1888502,137.9788695,46
222002,36.1891557,137.9785714,47
222002,36.1898831,137.9776219,48
222002,36.1916278,137.9749129,49
222002,36.1928531,137.9729715,50
222002,36.1929915,137.9728154,51
222002,36.1944919,137.9716602,52
222002,36.1957019,137.9699865,53
222002,36.1957647,137.9697988,54
222002,36.1970047,137.9693607,55
222002,36.1986453,137.9692105,56
222002,36.1990504,137.9691979,57
222002,36.200719,137.969726,58
222002,36.2021041,137.9702619,59
222002,36.2028814,137.9705873,60
222002,36.2032233,137.9701367,61
222002,36.205734,137.9706678,62
222002,36.2061235,137.9706356,63
222002,36.2061582,137.9709145,64
222002,36.2071797,137.9712847,65
222002,36.2081709,137.9711398,66
222002,36.2088653,137.9713348,67
222002,36.2103023,137.9721019,68
222002,36.2117912,137.9727832,69
222002,36.2135596,137.973586,70
222002,36.2139294,137.9738346,71
222002,36.2142262,137.9738918,72
222002,36.2161428,137.9739879,73
222002,36.2166127,137.9739205,74
222002,36.2169651,137.973709,75
222002,36.217299,137.9734841,76
222002,36.2174807,137.9732642,77
222002,36.2176947,137.9728798,78
222002,36.2179111,137.9724613,79
222002,36.2182314,137.9723111,80
222002,36.2202481,137.9716781,81
222002,36.2217109,137.9712919,82
222002,36.2229313,137.9708627,83
222002,36.2260298,137.9695109,84
222002,36.2280031,137.9694573,85
222002,36.2299528,137.9693797,86
222002,36.2299355,137.9676041,87
222002,36.2311101,137.9675046,88
222002,36.2310844,137.9656674,89
222002,36.2305652,137.9658766,90
232001,36.1799643,137.9962031,1
232001,36.1801752,137.9961876,2
232001,36.1808204,137.9977379,3
232001,36.1805086,137.9979954,4
232001,36.1801623,137.9980598,5
232001,36.1797942,137.9981135,6
232001,36.1796513,137.9969494,7
232001,36.179582,137.9966168,8
232001,36.1794784,137.9963441,9
232001,36.1790628,137.9955288,10
232001,36.1775472,137.9965694,11
232001,36.1768024,137.9968269,12
232001,36.1757719,137.9971381,13
232001,36.1746457,137.997636,14
232001,36.1736237,137.9981832,15
232001,36.1725155,137.9992731,16
232001,36.1719265,137.9981788,17
232001,36.1739293,137.9971408,18
232001,36.1739813,137.9970549,19
232001,36.1739856,137.9969745,20
232001,36.1735569,137.9957889,21
232001,36.1734833,137.99529,22
232001,36.1741718,137.9925327,23
232001,36.1752779,137.9921858,24
232001,36.1751393,137.9903297,25
232001,36.1748907,137.987635,26
232001,36.1757567,137.987517,27
232001,36.175701,137.9865089,28
232001,36.1782993,137.9863452,29
232001,36.1786412,137.9862756,30
232001,36.178955,137.9860446,31
232001,36.180148,137.98439,32
232001,36.1811501,137.9836408,33
232001,36.1821107,137.9833667,34
232001,36.1840492,137.9828933,35
232001,36.1846164,137.9822656,36
232001,36.1859753,137.9811816,37
232001,36.1863545,137.9807601,38
232001,36.1867738,137.9800407,39
232001,36.1871418,137.9797618,40
232001,36.1880164,137.9792307,41
232001,36.1888767,137.9788539,42
232001,36.1893845,137.9782705,43
232001,36.1898831,137.9776219,44
232001,36.1904149,137.9768113,45
232001,36.1918423,137.9745623,46
232001,36.1928531,137.9729715,47
232001,36.1934931,137.9724501,48
232001,36.1944919,137.9716602,49
232001,36.1955624,137.970197,50
232001,36.195714,137.9699342,51
232001,36.1958352,137.9697786,52
232001,36.1969119,137.9693696,53
232001,36.1989139,137.9691628,54
232001,36.1991728,137.9692153,55
232001,36.2015364,137.9700415,56
232001,36.2028814,137.9705873,57
232001,36.2032233,137.9701367,58
232001,36.205734,137.9706678,59
232001,36.2061235,137.9706356,60
232001,36.2061582,137.9709145,61
232001,36.2063832,137.9710272,62
232001,36.2071797,137.9712847,63
232001,36.2081709,137.9711398,64
232001,36.208937,137.9713651,65
232001,36.2109107,137.9723844,66
232001,36.2126,137.9731528,67
232001,36.2135596,137.973586,68
232001,36.2139294,137.9738346,69
232001,36.2142262,137.9738918,70
232001,36.21562,137.974004,71
232001,36.2166127,137.9739205,72
232001,36.2169651,137.973709,73
232001,36.217299,137.9734841,74
232001,36.2176947,137.9728798,75
232001,36.2179841,137.9724018,76
232001,36.2188237,137.9721443,77
232001,36.2207538,137.971522,78
232001,36.2230562,137.9707925,79
232001,36.2252546,137.9698698,80
232001,36.2260298,137.9695109,81
232001,36.2282652,137.9694333,82
232001,36.2289274,137.9694053,83
232001,36.2299528,137.9693797,84
232001,36.2299138,137.9665795,85
242001,36.1587384,137.9874905,1
242001,36.1580195,137.9872545,2
242001,36.1581321,137.9868468,3
242001,36.1584006,137.9866644,4
242001,36.158903,137.9864606,5
242001,36.1596999,137.9863747,6
242001,36.1601504,137.9863533,7
242001,36.160637,137.986655,8
242001,36.1623717,137.9864739,9
242001,36.1633938,137.9869889,10
242001,36.1640656,137.9870828,11
242001,36.1645766,137.9871043,12
242001,36.1652262,137.9873296,13
242001,36.1659365,137.9875442,14
242001,36.1673396,137.9880913,15
242001,36.1675735,137.9881235,16
242001,36.1682529,137.987933,17
242001,36.1706742,137.9878017,18
242001,36.172365,137.987573,19
242001,36.1739999,137.9869004,20
242001,36.1748438,137.9865812,21
242001,36.175701,137.9865089,22
242001,36.1784333,137.9863265,23
242001,36.1787341,137.9862538,24
242001,36.178955,137.9860446,25
242001,36.1795505,137.9851624,26
242001,36.180148,137.98439,27
242001,36.1811092,137.9836926,28
242001,36.1820489,137.9833815,29
242001,36.183384,137.983121,30
242001,36.1840492,137.9828933,31
242001,36.1846164,137.9822656,32
242001,36.1855264,137.981536,33
242001,36.1861239,137.9810318,34
242001,36.1863545,137.9807601,35
242001,36.1867466,137.980077,36
242001,36.1872662,137.9796478,37
242001,36.1884012,137.9790577,38
242001,36.1888767,137.9788539,39
242001,36.1896308,137.9780277,40
242001,36.1902196,137.9771908,41
242001,36.1911721,137.9755601,42
242001,36.1918423,137.9745623,43
242001,36.1928683,137.9728868,44
242001,36.1937467,137.9722552,45
242001,36.1944919,137.9716602,46
242001,36.1952928,137.9705712,47
242001,36.1957647,137.9697988,48
242001,36.196699,137.969438,49
242001,36.1970047,137.9693607,50
242001,36.1985632,137.9692218,51
242001,36.1990504,137.9691979,52
242001,36.2006095,137.9696914,53
242001,36.202128,137.970319,54
242001,36.2028814,137.9705873,55
242001,36.2032233,137.9701367,56
242001,36.2036829,137.9702386,57
242001,36.2049815,137.9704853,58
242001,36.205734,137.9706678,59
242001,36.2061235,137.9706356,60
242001,36.2061582,137.9709145,61
242001,36.2066004,137.9710861,62
242001,36.2071797,137.9712847,63
242001,36.2081709,137.9711398,64
242001,36.208937,137.9713651,65
242001,36.2102449,137.9720625,66
242001,36.2120022,137.9728886,67
242001,36.2135596,137.973586,68
242001,36.2139294,137.9738346,69
242001,36.2142262,137.9738918,70
242001,36.2156811,137.9739615,71
242001,36.2162697,137.9739829,72
242001,36.2165813,137.9739132,73
242001,36.2169102,137.9737737,74
242001,36.217299,137.9734841,75
242001,36.2175161,137.9732051,76
242001,36.2176633,137.9729315,77
242001,36.21791,137.972497,78
242001,36.2180398,137.9724058,79
242001,36.2182822,137.9723092,80
242001,36.2190828,137.9720571,81
242001,36.2194723,137.9719284,82
242001,36.2204244,137.9716279,83
242001,36.2209827,137.9714456,84
242001,36.2216795,137.9712685,85
242001,36.2225493,137.9709949,86
242001,36.2229313,137.9708627,87
242001,36.2236485,137.9705443,88
242001,36.2242154,137.9703029,89
242001,36.2247391,137.9700669,90
242001,36.2255872,137.9696968,91
242001,36.226033,137.9695573,92
242001,36.2264744,137.969509,93
242001,36.2275692,137.9694714,94
242001,36.2292958,137.9694017,95
242001,36.2299528,137.9693797,96
242001,36.2299355,137.9676041,97
242001,36.22993,137.966912,98
222001,36.174088,137.9719794,1
222001,36.173828,137.9736528,2
222001,36.1738625,137.9741833,3
222001,36.1736571,137.9754796,4
222001,36.1737284,137.9760346,5
222001,36.173747,137.976928,6
222001,36.1735705,137.9777006,7
222001,36.1749865,137.9780599,8
222001,36.1751574,137.9783198,9
222001,36.1753973,137.9789902,10
222001,36.1755711,137.9798034,11
222001,36.175688,137.9805383,12
222001,36.1757486,137.9817292,13
222001,36.175761,137.9827453,14
222001,36.175701,137.9865089,15
222001,36.1765491,137.9864441,16
222001,36.1777355,137.9863823,17
222001,36.1782993,137.9863452,18
222001,36.1787341,137.9862538,19
222001,36.178955,137.9860446,20
222001,36.1793203,137.9855777,21
222001,36.1795505,137.9851624,22
222001,36.1800824,137.9844511,23
222001,36.1802383,137.9843117,24
222001,36.1808358,137.9838718,25
222001,36.1811092,137.9836926,26
222001,36.1816412,137.9834855,27
222001,36.1820489,137.9833815,28
222001,36.1831653,137.9831208,29
222001,36.1840492,137.9828933,30
222001,36.1842391,137.9827131,31
222001,36.1846164,137.9822656,32
222001,36.1853481,137.9816916,33
222001,36.1860472,137.9810986,34
222001,36.1863545,137.9807601,35
222001,36.1868134,137.9799983,36
222001,36.1873911,137.9796045,37
222001,36.1878354,137.9793337,38
222001,36.1888767,137.9788539,39
222001,36.1897426,137.9778239,40
222001,36.1902139,137.9771233,41
222001,36.1913915,137.9752887,42
222001,36.1921188,137.9740978,43
222001,36.1928683,137.9728868,44
222001,36.194093,137.9719842,45
222001,36.1944919,137.9716602,46
222001,36.1949501,137.9710401,47
222001,36.1954012,137.9704021,48
222001,36.1957019,137.9699865,49
222001,36.1957647,137.9697988,50
222001,36.196699,137.969438,51
222001,36.1971666,137.9693449,52
222001,36.1989139,137.9691628,53
222001,36.1994593,137.9693183,54
222001,36.2006095,137.9696914,55
222001,36.2024219,137.9704071,56
222001,36.2028814,137.9705873,57
222001,36.2032233,137.9701367,58
222001,36.203608,137.9702247,59
222001,36.2050847,137.9705176,60
222001,36.205734,137.9706678,61
222001,36.2061235,137.9706356,62
222001,36.2061582,137.9709145,63
222001,36.2067765,137.9711688,64
222001,36.2071797,137.9712847,65
222001,36.2081709,137.9711398,66
222001,36.208803,137.9713355,67
222001,36.2094515,137.9716302,68
222001,36.2105768,137.9722417,69
222001,36.2120022,137.9728886,70
222001,36.2135596,137.973586,71
222001,36.2139294,137.9738346,72
222001,36.2142262,137.9738918,73
222001,36.2145674,137.973894,74
222001,36.21562,137.974004,75
222001,36.2166127,137.9739205,76
222001,36.2169102,137.9737737,77
222001,36.217299,137.9734841,78
222001,36.2175161,137.9732051,79
222001,36.217918,137.972553,80
222001,36.2179995,137.9724348,81
222001,36.2182822,137.9723092,82
222001,36.2202481,137.9716781,83
222001,36.2220286,137.9711796,84
222001,36.2229313,137.9708627,85
222001,36.224504,137.9701818,86
222001,36.2253349,137.969817,87
222001,36.2260298,137.9695109,88
222001,36.2264744,137.969509,89
222001,36.227464,137.969463,90
222001,36.2292637,137.9693685,91
222001,36.2299528,137.9693797,92
222001,36.2299392,137.9688836,93
222001,36.2299138,137.9665795,94
251001,36.2299138,137.9665795,1
251001,36.2299355,137.9676041,2
251001,36.2311101,137.9675046,3
251001,36.23119,137.973487,4
251001,36.2312127,137.9790289,5
251001,36.2308383,137.978966,6
251001,36.2304205,137.9791016,7
251001,36.2301137,137.979163,8
251001,36.227944,137.979266,9
251001,36.226522,137.9794956,10
251001,36.2245833,137.9796244,11
251001,36.222082,137.9798068,12
251001,36.2209048,137.9797853,13
251001,36.2188881,137.9797209,14
251001,36.2177282,137.9797102,15
251001,36.2166203,137.9797209,16
251001,36.2138677,137.9795814,17
251001,36.2123009,137.9795278,18
251001,36.2091585,137.9794098,19
251001,36.2076349,137.979324,20
251001,36.2074358,137.9793669,21
251001,36.2070376,137.9799462,22
251001,36.2067779,137.9802574,23
251001,36.2067519,137.9807402,24
251001,36.2066134,137.981003,25
251001,36.2064792,137.981121,26
251001,36.2061286,137.9812176,27
251001,36.2056178,137.9813463,28
251001,36.2056568,137.9814429,29
251001,36.2059511,137.9816897,30
251001,36.2064013,137.9820062,31
251001,36.2067822,137.9822207,32
251001,36.207003,137.9823656,33
251001,36.2070203,137.9824407,34
251001,36.206977,137.9825104,35
251001,36.2067952,137.9825265,36
251001,36.2064836,137.9825426,37
251001,36.206068,137.9825587,38
251001,36.205817,137.982666,39
251001,36.2057304,137.9826231,40
251001,36.2054317,137.9823656,41
251001,36.205198,137.9821778,42
251002,36.2299138,137.9665795,1
251002,36.2299355,137.9676041,2
251002,36.2311101,137.9675046,3
251002,36.231145,137.9693581,4
251002,36.2312319,137.9715131,5
251002,36.227317,137.9716242,6
251002,36.2273429,137.9730189,7
251002,36.2271569,137.9730297,8
251002,36.2270314,137.9730619,9
251002,36.2269838,137.9730511,10
251002,36.2269708,137.972976,11
251002,36.2270227,137.9729331,12
251002,36.2271352,137.9729438,13
251002,36.2272218,137.972976,14
251002,36.2273213,137.9730029,15
251002,36.2273386,137.9730994,16
251002,36.2273473,137.9744888,17
251002,36.226101,137.9746497,18
251002,36.2233141,137.974993,19
251002,36.2217734,137.9751862,20
251002,36.2217994,137.9763878,21
251002,36.2201289,137.9762591,22
251002,36.2192287,137.9761625,23
251002,36.2182247,137.976023,24
251002,36.2182739,137.9766584,25
251002,36.2172179,137.9766477,26
251002,36.2171833,137.9781282,27
251002,36.2171919,137.9789651,28
251002,36.2172395,137.9790456,29
251002,36.2177156,137.9790402,30
251002,36.2177502,137.9791421,31
251002,36.2177459,137.9796732,32
251002,36.2172612,137.9797268,33
251002,36.2154001,137.9796571,34
251002,36.2138677,137.9795814,35
251002,36.2123009,137.9795278,36
251002,36.208752,137.9793889,37
251002,36.207698,137.9793245,38
251002,36.207592,137.9793191,39
251002,36.2074358,137.9793669,40
251002,36.2073885,137.9794506,41
251002,36.2070531,137.979928,42
251002,36.2067977,137.9802633,43
251002,36.2067674,137.9803867,44
251002,36.2067519,137.9807402,45
251002,36.2067025,137.9808802,46
251002,36.2065921,137.9810063,47
251002,36.2064792,137.981121,48
251002,36.2062566,137.9811886,49
251002,36.2056178,137.9813463,50
251002,36.2056568,137.9814429,51
251002,36.2057502,137.9815346,52
251002,36.2063865,137.982004,53
251002,36.2069167,137.9823018,54
251002,36.207003,137.9823656,55
251002,36.2070203,137.9824407,56
251002,36.206977,137.9825104,57
251002,36.2068258,137.9825324,58
251002,36.2064836,137.9825426,59
251002,36.206068,137.9825587,60
251002,36.2058584,137.9826451,61
251002,36.2057654,137.982637,62
251002,36.2056377,137.9825244,63
251002,36.205198,137.9821778,64
252001,36.205198,137.9821778,1
252001,36.2048193,137.9817625,2
252001,36.2047414,137.9815371,3
252001,36.2049925,137.9814567,4
252001,36.2051656,137.9814567,5
252001,36.2056178,137.9813463,6
252001,36.206343,137.981167,7
252001,36.2065378,137.9810704,8
252001,36.2067025,137.9808802,9
252001,36.2067519,137.9807402,10
252001,36.2067672,137.9805394,11
252001,36.2067779,137.9802574,12
252001,36.2070376,137.9799462,13
252001,36.2074358,137.9793669,14
252001,36.208425,137.9793646,15
252001,36.2111865,137.9794826,16
252001,36.2139392,137.9795899,17
252001,36.2162677,137.9796971,18
252001,36.2177282,137.9797102,19
252001,36.2188881,137.9797209,20
252001,36.2206042,137.9797615,21
252001,36.2218592,137.9798044,22
252001,36.2229151,137.9797293,23
252001,36.2242567,137.9796542,24
252001,36.2251308,137.9795684,25
252001,36.226522,137.9794956,26
252001,36.2269743,137.9794075,27
252001,36.227944,137.979266,28
252001,36.2286014,137.9792358,29
252001,36.2291813,137.9791714,30
252001,36.2301137,137.979163,31
252001,36.2306785,137.9790159,32
252001,36.2308383,137.978966,33
252001,36.2312127,137.9790289,34
252001,36.2311761,137.9745849,35
252001,36.23119,137.973487,36
252001,36.2311328,137.9678686,37
252001,36.2311242,137.9661574,38
252001,36.2310844,137.9656674,39
252001,36.230616,137.965848,40
252002,36.2052452,137.9822075,1
252002,36.2049075,137.9818588,2
252002,36.2048193,137.9817625,3
252002,36.2047414,137.9815371,4
252002,36.2049465,137.9814458,5
252002,36.2051656,137.9814567,6
252002,36.205652,137.9813438,7
252002,36.206297,137.9811775,8
252002,36.2065134,137.9810863,9
252002,36.2065921,137.9810063,10
252002,36.2067125,137.9808449,11
252002,36.2067519,137.9807402,12
252002,36.2067672,137.9805394,13
252002,36.2067674,137.9803867,14
252002,36.2068186,137.9802227,15
252002,36.2074657,137.9793456,16
252002,36.2086387,137.9793778,17
252002,36.2100541,137.9794422,18
252002,36.2124433,137.9795387,19
252002,36.2139711,137.979587,20
252002,36.2154001,137.9796571,21
252002,36.2167151,137.9797211,22
252002,36.2177667,137.9797211,23
252002,36.2177451,137.9791096,24
252002,36.2177156,137.9790402,25
252002,36.2172395,137.9790456,26
252002,36.2171919,137.9789651,27
252002,36.2171955,137.9787287,28
252002,36.2172128,137.9773822,29
252002,36.2172179,137.9766477,30
252002,36.2182739,137.9766584,31
252002,36.2182247,137.976023,32
252002,36.2201557,137.9762879,33
252002,36.2217994,137.9763878,34
252002,36.2217916,137.9756441,35
252002,36.2217734,137.9751862,36
252002,36.2233538,137.974979,37
252002,36.2243535,137.9748395,38
252002,36.2251498,137.9747483,39
252002,36.2261667,137.9746356,40
252002,36.2273473,137.9744888,41
252002,36.2273429,137.9730189,42
252002,36.2271837,137.9730344,43
252002,36.2270314,137.9730619,44
252002,36.2269838,137.9730511,45
252002,36.2269708,137.972976,46
252002,36.2270227,137.9729331,47
252002,36.227149,137.9729485,48
252002,36.2273429,137.9730189,49
252002,36.227317,137.9716242,50
252002,36.2272897,137.9697594,51
252002,36.2272832,137.9694509,52
252002,36.229713,137.9693919,53
252002,36.231173,137.96935,54
252002,36.231128,137.9673883,55
252002,36.2310844,137.9656674,56
252002,36.230677,137.965836,57
101001,36.230894,137.965506,1
101001,36.230751,137.965265,2
101001,36.230783,137.965192,3
101001,36.230994,137.965098,4
101001,36.231115,137.965444,5
101001,36.231091,137.965715,6
101001,36.231173,137.96935,7
101001,36.234409,137.969288,8
101001,36.2346,137.969495,9
101001,36.237012,137.969977,10
101001,36.237086,137.970157,11
101001,36.237114,137.97108,12
101001,36.2381,137.971402,13
101001,36.239039,137.971681,14
101001,36.239324,137.97178,15
101001,36.239138,137.972619,16
101001,36.239043,137.973405,17
101001,36.240636,137.973735,18
101001,36.244372,137.973719,19
101001,36.245626,137.973976,20
101001,36.246474,137.974242,21
101001,36.248025,137.974738,22
101001,36.247711,137.976374,23
101001,36.25074,137.976924,24
101001,36.251808,137.977128,25
101001,36.253515,137.976543,26
101001,36.255025,137.976069,27
101001,36.255154,137.976007,28
101001,36.255245,137.976576,29
101001,36.256342,137.978118,30
101001,36.25916,137.982377,31
101001,36.259225,137.982672,32
101001,36.259118,137.984131,33
101001,36.259225,137.98474,34
101001,36.25682,137.984169,35
101001,36.255111,137.98374,36
101001,36.250638,137.98264,37
101001,36.248311,137.982275,38
101001,36.245023,137.981787,39
101001,36.243508,137.981567,40
101001,36.242924,137.981417,41
101001,36.241956,137.980778,42
101001,36.239814,137.980376,43
101001,36.236225,137.979698,44
101001,36.235604,137.979947,45
101001,36.234288,137.97992,46
101001,36.233535,137.979674,47
101001,36.232155,137.979556,48
101001,36.23125,137.979035,49
101001,36.231194,137.975334,50
101001,36.231164,137.97175,51
101001,36.231073,137.965678,52
101001,36.230654,137.965833,53
101001,36.230645,137.965871,54
111001,36.230873,137.965482,1
111001,36.230787,137.965363,2
111001,36.230754,137.965227,3
111001,36.230868,137.965114,4
111001,36.230937,137.965106,5
111001,36.231,137.96513,6
111001,36.231122,137.965476,7
111001,36.231098,137.965747,8
111001,36.23123,137.977324,9
111001,36.23126,137.979035,10
111001,36.232155,137.979548,11
111001,36.23351,137.979679,12
111001,36.234209,137.979888,13
111001,36.235594,137.979963,14
111001,36.235913,137.979814,15
111001,36.236225,137.97969,16
111001,36.238214,137.980089,17
111001,36.240258,137.980462,18
111001,36.241962,137.980811,19
111001,36.242899,137.981374,20
111001,36.243251,137.981495,21
111001,36.243603,137.981567,22
111001,36.244374,137.981685,23
111001,36.246979,137.982058,24
111001,36.25042,137.982602,25
111001,36.252999,137.983214,26
111001,36.259225,137.98474,27
111001,36.259124,137.984164,28
111001,36.259114,137.983965,29
111001,36.25913,137.983756,30
111001,36.259156,137.983349,31
111001,36.259198,137.982549,32
111001,36.258806,137.981806,33
111001,36.258367,137.981127,34
111001,36.257381,137.979647,35
111001,36.256027,137.977646,36
111001,36.255307,137.97663,37
111001,36.25519,137.97646,38
111001,36.255021,137.976352,39
111001,36.254721,137.976153,40
111001,36.254011,137.97639,41
111001,36.252905,137.976728,42
111001,36.25179,137.977115,43
111001,36.249382,137.976707,44
111001,36.247717,137.976385,45
111001,36.248025,137.97473,46
111001,36.246774,137.974338,47
111001,36.246146,137.974117,48
111001,36.24551,137.973976,49
111001,36.244809,137.973822,50
111001,36.244108,137.973711,51
111001,36.2415,137.973711,52
111001,36.241057,137.973726,53
111001,36.240636,137.973727,54
111001,36.240247,137.973672,55
111001,36.239855,137.973598,56
111001,36.239072,137.973408,57
111001,36.237973,137.973086,58
111001,36.236866,137.972812,59
111001,36.236895,137.972538,60
111001,36.236951,137.972225,61
111001,36.237007,137.971915,62
111001,36.237028,137.971578,63
111001,36.237068,137.971216,64
111001,36.237096,137.971086,65
111001,36.237095,137.970838,66
111001,36.237095,137.97013,67
111001,36.237012,137.969977,68
111001,36.23649,137.969894,69
111001,36.235847,137.969781,70
111001,36.23459,137.969492,71
111001,36.234409,137.969288,72
111001,36.231169,137.969366,73
111001,36.231124,137.966922,74
111001,36.231081,137.965646,75
111001,36.230654,137.965825,76
121001,36.230894,137.965506,1
121001,36.230751,137.965265,2
121001,36.230783,137.965192,3
121001,36.230994,137.965098,4
121001,36.231115,137.965444,5
121001,36.231098,137.965755,6
121001,36.231125,137.967503,7
121001,36.231169,137.969374,8
121001,36.233219,137.96931,9
121001,36.234409,137.969288,10
121001,36.23459,137.9695,11
121001,36.237012,137.969977,12
121001,36.237086,137.970157,13
121001,36.237114,137.97108,14
121001,36.239324,137.97178,15
121001,36.239156,137.972652,16
121001,36.239043,137.973405,17
121001,36.240639,137.973743,18
121001,36.244187,137.973709,19
121001,36.244715,137.973784,20
121001,36.246225,137.974138,21
121001,36.248025,137.974738,22
121001,36.247717,137.976393,23
121001,36.250876,137.976955,24
121001,36.251808,137.977128,25
121001,36.254583,137.976198,26
121001,36.255184,137.976,27
121001,36.255219,137.976526,28
121001,36.25608,137.977732,29
121001,36.257429,137.979739,30
121001,36.259116,137.982276,31
121001,36.259224,137.982748,32
121001,36.259118,137.984131,33
121001,36.259225,137.984748,34
121001,36.26079,137.985125,35
121001,36.261145,137.985323,36
121001,36.2615,137.985709,37
121001,36.26243,137.986906,38
121001,36.262754,137.987426,39
121001,36.263092,137.98814,40
121001,36.263295,137.988778,41
121001,36.263593,137.989765,42
121001,36.263455,137.989851,43
121001,36.26278,137.990012,44
121001,36.262209,137.990156,45
121001,36.262287,137.989711,46
121001,36.262304,137.9894,47
121001,36.262218,137.988955,48
121001,36.262036,137.988118,49
121001,36.261924,137.987721,50
121001,36.261751,137.986997,51
121001,36.261604,137.986332,52
121001,36.260375,137.986562,53
121001,36.259882,137.986654,54
121001,36.259709,137.986546,55
121001,36.25941,137.985409,56
121001,36.259225,137.984748,57
121001,36.259118,137.984131,58
121001,36.25919,137.983076,59
121001,36.259198,137.982557,60
121001,36.259116,137.982233,61
121001,36.258139,137.980753,62
121001,36.257278,137.979471,63
121001,36.256534,137.978398,64
121001,36.25585,137.977384,65
121001,36.255236,137.976526,66
121001,36.254994,137.976311,67
121001,36.254721,137.976161,68
121001,36.253034,137.976686,69
121001,36.251808,137.977128,70
121001,36.249738,137.976756,71
121001,36.247718,137.976346,72
121001,36.248012,137.974736,73
121001,36.247012,137.974401,74
121001,36.246171,137.97413,75
121001,36.24584,137.974031,76
121001,36.245256,137.97391,77
121001,36.244285,137.973723,78
121001,36.243545,137.973715,79
121001,36.240637,137.973715,80
121001,36.240088,137.973661,81
121001,36.239244,137.973438,82
121001,36.239041,137.973385,83
121001,36.239112,137.972923,84
121001,36.239184,137.972478,85
121001,36.239324,137.97178,86
121001,36.237851,137.971314,87
121001,36.237114,137.97108,88
121001,36.237086,137.970157,89
121001,36.237012,137.969977,90
121001,36.236497,137.969874,91
121001,36.235642,137.969753,92
121001,36.2346,137.969495,93
121001,36.234409,137.969305,94
121001,36.231992,137.969334,95
121001,36.231173,137.96935,96
121001,36.231155,137.968543,97
121001,36.231116,137.966277,98
121001,36.231081,137.965654,99
121001,36.230654,137.965833,100
131001,36.230817,137.965172,1
131001,36.230964,137.965097,2
131001,36.231116,137.965438,3
131001,36.231099,137.965811,4
131001,36.231156,137.968537,5
131001,36.23119,137.973487,6
131001,36.231251,137.979029,7
131001,36.232155,137.97955,8
131001,36.233536,137.979668,9
131001,36.234344,137.979908,10
131001,36.235594,137.979965,11
131001,36.236226,137.979692,12
131001,36.238134,137.980075,13
131001,36.241068,137.9806,14
131001,36.241916,137.980778,15
131001,36.242954,137.981384,16
131001,36.243509,137.981561,17
131001,36.245866,137.981904,18
131001,36.249314,137.982419,19
131001,36.250638,137.982634,20
131001,36.252506,137.983084,21
131001,36.254951,137.983685,22
131001,36.256391,137.98405,23
131001,36.258035,137.984436,24
131001,36.259225,137.984742,25
131001,36.260791,137.985119,26
131001,36.261184,137.985364,27
131001,36.261815,137.986104,28
131001,36.262694,137.987284,29
131001,36.263092,137.988134,30
131001,36.263295,137.988772,31
132001,36.263295,137.988778,1
132001,36.263593,137.989765,2
132001,36.263455,137.989851,3
132001,36.262209,137.990156,4
132001,36.262287,137.989711,5
132001,36.262304,137.9894,6
132001,36.262205,137.988824,7
132001,36.261894,137.987628,8
132001,36.261604,137.986332,9
132001,36.259909,137.986657,10
132001,36.259709,137.986546,11
132001,36.259225,137.984748,12
132001,36.25653,137.984071,13
132001,36.25583,137.983921,14
132001,36.252412,137.983057,15
132001,36.250859,137.982676,16
132001,36.249077,137.982376,17
132001,36.247822,137.982183,18
132001,36.245745,137.981893,19
132001,36.244136,137.981657,20
132001,36.243508,137.981567,21
132001,36.242954,137.98139,22
132001,36.241956,137.980778,23
132001,36.238914,137.98022,24
132001,36.23743,137.97994,25
132001,36.236225,137.979698,26
132001,36.236084,137.979699,27
132001,36.235594,137.979971,28
132001,36.234344,137.979914,29
132001,36.23351,137.979687,30
132001,36.232155,137.979556,31
132001,36.23126,137.979043,32
132001,36.23119,137.974195,33
132001,36.231173,137.96935,34
132001,36.231073,137.965678,35
132001,36.230654,137.965833,36
141001,36.22993,137.966912,1
141001,36.229934,137.967614,2
141001,36.230505,137.967556,3
141001,36.231125,137.967503,4
141001,36.23115,137.968382,5
141001,36.231169,137.969374,6
141001,36.233434,137.969304,7
141001,36.234409,137.969288,8
141001,36.23459,137.9695,9
141001,36.235736,137.96975,10
141001,36.236874,137.969975,11
141001,36.237012,137.969977,12
141001,36.237086,137.970157,13
141001,36.237114,137.97108,14
141001,36.239324,137.97178,15
141001,36.239156,137.972652,16
141001,36.239016,137.97344,17
141001,36.238821,137.974921,18
141001,36.238605,137.976578,19
141001,36.238116,137.980119,20
141001,36.237952,137.981648,21
141001,36.237528,137.984995,22
141001,36.237259,137.98706,23
141001,36.237043,137.988809,24
141001,36.23777,137.990676,25
141001,36.238436,137.991642,26
141001,36.239051,137.992371,27
141001,36.239613,137.992661,28
141001,36.240435,137.993584,29
141001,36.241517,137.99588,30
141001,36.242365,137.997124,31
141001,36.242443,137.997661,32
141001,36.242495,137.997907,33
141001,36.242555,137.998143,34
141001,36.242884,137.999334,35
141001,36.242737,137.999806,36
141001,36.242547,138.001802,37
141001,36.242564,138.002134,38
141001,36.243005,138.004495,39
141001,36.243144,138.004688,40
141001,36.244026,138.004055,41
141001,36.244147,138.004087,42
141001,36.244502,138.004066,43
141001,36.244675,138.003757,44
141001,36.24477,138.003608,45
141001,36.244831,138.003417,46
141001,36.245268,138.00258,47
141001,36.245424,138.002472,48
141001,36.24577,138.00199,49
141001,36.245787,138.001035,50
141001,36.245666,138.000391,51
141001,36.24615,137.999136,52
141001,36.245562,137.999211,53
141001,36.245216,137.999093,54
141001,36.244714,137.999308,55
141001,36.243243,137.99935,56
141001,36.242888,137.999329,57
141001,36.242525,137.998116,58
141001,36.242369,137.997108,59
141001,36.241504,137.995842,60
141001,36.240907,137.994598,61
141001,36.240414,137.993546,62
141001,36.239592,137.992623,63
141001,36.239064,137.992377,64
141001,36.238722,137.992023,65
141001,36.238125,137.99118,66
141001,36.237779,137.990622,67
141001,36.237709,137.990526,68
141001,36.237082,137.988815,69
141001,36.237333,137.98661,70
141001,36.237567,137.984657,71
141001,36.237956,137.98153,72
141001,36.238151,137.979851,73
141001,36.238618,137.976471,74
141001,36.23912,137.972882,75
141001,36.239324,137.97178,76
141001,36.237614,137.971241,77
141001,36.237082,137.971074,78
141001,36.237086,137.970157,79
141001,36.237012,137.969977,80
141001,36.236537,137.969894,81
141001,36.235115,137.969607,82
141001,36.2346,137.969495,83
141001,36.234409,137.969288,84
141001,36.232418,137.969326,85
141001,36.231169,137.969374,86
141001,36.231073,137.965678,87
141001,36.230654,137.965833,88
151001,36.249212,137.978266,1
151001,36.248278,137.978111,2
151001,36.248471,137.976532,3
151001,36.247717,137.976393,4
151001,36.248109,137.974205,5
151001,36.248265,137.97324,6
151001,36.248238,137.972509,7
151001,36.248503,137.970005,8
151001,36.248689,137.968095,9
151001,36.248788,137.966792,10
151001,36.248766,137.966432,11
151001,36.248627,137.964752,12
151001,36.248589,137.964394,13
151001,36.246794,137.964721,14
151001,36.244977,137.964839,15
151001,36.242541,137.964968,16
151001,36.238846,137.965134,17
151001,36.23718,137.965193,18
151001,36.235646,137.965084,19
151001,36.233511,137.964335,20
151001,36.233146,137.964269,21
151001,36.232602,137.964249,22
151001,36.232373,137.964351,23
151001,36.231614,137.964763,24
151001,36.23145,137.965406,25
151001,36.231114,137.965628,26
151001,36.230654,137.965833,27
151002,36.230888,137.965133,1
151002,36.230964,137.965103,2
151002,36.231061,137.965304,3
151002,36.2311,137.965492,4
151002,36.231087,137.965685,5
151002,36.231106,137.966892,6
151002,36.231147,137.969341,7
151002,36.231195,137.971857,8
151002,36.231199,137.975121,9
151002,36.231225,137.977455,10
151002,36.23125,137.979035,11
151002,36.231234,137.981092,12
151002,36.231234,137.981639,13
151002,36.232454,137.9815,14
151002,36.233458,137.981414,15
151002,36.235292,137.98151,16
151002,36.237014,137.981607,17
151002,36.238737,137.981682,18
151002,36.240043,137.981757,19
151002,36.241445,137.981843,20
151002,36.243003,137.981746,21
151002,36.243603,137.981575,22
151002,36.245174,137.981822,23
151002,36.247792,137.982197,24
151002,36.248073,137.979762,25
151002,36.248419,137.976994,26
151002,36.248471,137.976532,27
151002,36.247717,137.976393,28
151002,36.24822,137.973625,29
151002,36.248264,137.973088,30
151002,36.248238,137.972509,31
151002,36.248385,137.971114,32
151002,36.248627,137.968829,33
151002,36.248791,137.966683,34
151002,36.248627,137.964752,35
151002,36.248549,137.964376,36
151002,36.246516,137.964763,37
151002,36.244508,137.964881,38
151002,36.242206,137.964988,39
151002,36.239939,137.965095,40
151002,36.238555,137.965149,41
151002,36.237144,137.965192,42
151002,36.235872,137.965117,43
151002,36.235646,137.965084,44
151002,36.235421,137.965014,45
151002,36.234978,137.964847,46
151002,36.23409,137.964548,47
151002,36.233544,137.964366,48
151002,36.233146,137.964269,49
151002,36.232688,137.96427,50
151002,36.232402,137.964334,51
151002,36.231614,137.964763,52
151002,36.23145,137.965406,53
151002,36.231277,137.965535,54
151002,36.230677,137.965836,55
152001,36.230888,137.965133,1
152001,36.230964,137.965103,2
152001,36.23108,137.965353,3
152001,36.231123,137.96561,4
152001,36.23145,137.965406,5
152001,36.231632,137.964766,6
152001,36.232373,137.964351,7
152001,36.232657,137.964248,8
152001,36.233177,137.964277,9
152001,36.233784,137.964433,10
152001,36.234892,137.964822,11
152001,36.23561,137.965082,12
152001,36.235721,137.965109,13
152001,36.237237,137.965208,14
152001,36.238555,137.965149,15
152001,36.240651,137.965055,16
152001,36.242436,137.964975,17
152001,36.245276,137.964824,18
152001,36.246442,137.96476,19
152001,36.247195,137.964666,20
152001,36.248582,137.964417,21
152001,36.248804,137.966782,22
152001,36.248616,137.968982,23
152001,36.248307,137.971922,24
152001,36.248227,137.97267,25
152001,36.248268,137.973282,26
152001,36.248012,137.974736,27
152001,36.247711,137.976374,28
152001,36.249514,137.976728,29
152001,36.249393,137.977621,30
152001,36.249315,137.978193,31
152001,36.249267,137.978268,32
152001,36.249212,137.978266,33
152002,36.230888,137.965133,1
152002,36.230964,137.965103,2
152002,36.231092,137.965387,3
152002,36.231114,137.965628,4
152002,36.23145,137.965406,5
152002,36.231614,137.964763,6
152002,36.232602,137.964249,7
152002,36.233146,137.964269,8
152002,36.233544,137.964366,9
152002,36.233937,137.964486,10
152002,36.235084,137.964894,11
152002,36.235721,137.965109,12
152002,36.237237,137.965208,13
152002,36.241301,137.965023,14
152002,36.244088,137.964883,15
152002,36.246844,137.964712,16
152002,36.247821,137.964572,17
152002,36.248589,137.964394,18
152002,36.248804,137.966782,19
152002,36.248587,137.969239,20
152002,36.248319,137.971787,21
152002,36.248215,137.972715,22
152002,36.248268,137.973282,23
152002,36.247916,137.975312,24
152002,36.247711,137.976374,25
152002,36.249514,137.976728,26
152002,36.249315,137.978193,27
152002,36.249267,137.978268,28
152002,36.249212,137.978266,29
152002,36.248278,137.978111,30
152002,36.247869,137.981502,31
152002,36.247792,137.982197,32
152002,36.245831,137.981904,33
152002,36.243603,137.981575,34
152002,36.243465,137.981679,35
152002,36.242971,137.981744,36
152002,36.241445,137.981843,37
152002,36.239108,137.981701,38
152002,36.236949,137.981604,39
152002,36.234595,137.981464,40
152002,36.233431,137.981416,41
152002,36.231234,137.981639,42
152002,36.231237,137.978316,43
152002,36.23119,137.973118,44
152002,36.231176,137.970966,45
152002,36.231081,137.965654,46
152002,36.230654,137.965833,47
161001,36.22993,137.966912,1
161001,36.229934,137.967614,2
161001,36.230496,137.967552,3
161001,36.231119,137.967518,4
161001,36.231169,137.969374,5
161001,36.234409,137.969288,6
161001,36.2346,137.969495,7
161001,36.237012,137.969977,8
161001,36.237086,137.970157,9
161001,36.237096,137.971086,10
161001,36.239324,137.97178,11
161001,36.239596,137.970174,12
161001,36.23959,137.968946,13
161001,36.239601,137.967773,14
161001,36.239651,137.96732,15
161001,36.239973,137.966558,16
161001,36.240023,137.966236,17
161001,36.239992,137.965094,18
161001,36.241522,137.965013,19
161001,36.242541,137.964968,20
161001,36.245366,137.964836,21
161001,36.246889,137.964705,22
161001,36.247661,137.964595,23
161001,36.248582,137.964417,24
161001,36.24953,137.964458,25
161001,36.250469,137.96453,26
161001,36.250979,137.96456,27
161001,36.251384,137.964753,28
161001,36.251622,137.964804,29
161001,36.252331,137.964906,30
161001,36.252478,137.965078,31
161001,36.252539,137.96533,32
161001,36.252409,137.967272,33
161001,36.252504,137.967771,34
161001,36.2533,137.969959,35
161001,36.253676,137.971005,36
161001,36.254144,137.972615,37
161001,36.254256,137.973022,38
161001,36.25494,137.974498,39
161001,36.255065,137.974782,40
161001,36.255117,137.975125,41
161001,36.255154,137.976007,42
161001,36.255433,137.97586,43
161001,36.256488,137.975517,44
161001,36.25782,137.975045,45
161001,36.258236,137.975088,46
161001,36.259066,137.975367,47
161001,36.260407,137.975898,48
161001,36.261333,137.976252,49
161001,36.262315,137.976633,50
161001,36.262682,137.976724,51
161001,36.265161,137.976788,52
161001,36.267358,137.976815,53
161001,36.267332,137.977217,54
161001,36.267228,137.977813,55
161001,36.267172,137.978457,56
161001,36.267068,137.978945,57
161001,36.267834,137.979218,58
161001,36.269079,137.979411,59
161001,36.270831,137.979519,60
161001,36.271324,137.979551,61
161001,36.273322,137.979926,62
161001,36.27423,137.980071,63
161001,36.274931,137.980227,64
161001,36.275069,137.980731,65
161001,36.27551,137.981147,66
161001,36.276159,137.981426,67
161001,36.276401,137.981705,68
161001,36.276592,137.98178,69
162001,36.277493,137.981925,1
162001,36.276416,137.981758,2
162001,36.2763,137.981581,3
162001,36.276159,137.981426,4
162001,36.275936,137.981313,5
162001,36.27569,137.981249,6
162001,36.275474,137.981142,7
162001,36.275236,137.980927,8
162001,36.275058,137.980686,9
162001,36.274931,137.980227,10
162001,36.273527,137.979956,11
162001,36.272113,137.979714,12
162001,36.271324,137.979551,13
162001,36.269665,137.979446,14
162001,36.268887,137.979377,15
162001,36.267805,137.97921,16
162001,36.266936,137.978883,17
162001,36.267109,137.978164,18
162001,36.267286,137.977467,19
162001,36.267332,137.977217,20
162001,36.267358,137.976815,21
162001,36.262682,137.976724,22
162001,36.26226,137.976614,23
162001,36.260621,137.975981,24
162001,36.258995,137.975359,25
162001,36.258268,137.975074,26
162001,36.258026,137.975042,27
162001,36.25782,137.975045,28
162001,36.25636,137.975552,29
162001,36.255433,137.97586,30
162001,36.255154,137.976007,31
162001,36.255117,137.975125,32
162001,36.255065,137.974782,33
162001,36.254332,137.97317,34
162001,36.254228,137.97288,35
162001,36.253676,137.971005,36
162001,36.253435,137.970309,37
162001,36.253176,137.969613,38
162001,36.252845,137.9687,39
162001,36.252504,137.967771,40
162001,36.252409,137.967272,41
162001,36.252539,137.96533,42
162001,36.252478,137.965078,43
162001,36.252331,137.964906,44
162001,36.252233,137.964839,45
162001,36.251384,137.964753,46
162001,36.250979,137.96456,47
162001,36.249222,137.964437,48
162001,36.248582,137.964417,49
162001,36.246844,137.964712,50
162001,36.244451,137.964887,51
162001,36.239992,137.965094,52
162001,36.240023,137.966236,53
162001,36.239973,137.966558,54
162001,36.239651,137.96732,55
162001,36.239601,137.967773,56
162001,36.239596,137.970174,57
162001,36.239324,137.97178,58
162001,36.237082,137.971074,59
162001,36.237086,137.970157,60
162001,36.237012,137.969977,61
162001,36.235233,137.969667,62
162001,36.2346,137.969495,63
162001,36.234409,137.969288,64
162001,36.231992,137.969334,65
162001,36.231173,137.96935,66
162001,36.231081,137.965654,67
162001,36.230616,137.965848,68
171001,36.22993,137.966871,1
171001,36.229934,137.967614,2
171001,36.230505,137.967556,3
171001,36.231125,137.967503,4
171001,36.231173,137.96935,5
171001,36.234409,137.969288,6
171001,36.2346,137.969495,7
171001,36.235115,137.969607,8
171001,36.237012,137.969977,9
171001,36.237086,137.970157,10
171001,36.237114,137.97108,11
171001,36.239324,137.97178,12
171001,36.239596,137.970174,13
171001,36.239613,137.969837,14
171001,36.239609,137.968067,15
171001,36.239601,137.967773,16
171001,36.239651,137.96732,17
171001,36.239973,137.966558,18
171001,36.240023,137.966236,19
171001,36.239992,137.965094,20
171001,36.242206,137.964988,21
171001,36.242054,137.962032,22
171001,36.242036,137.961796,23
171001,36.242106,137.961748,24
171001,36.243088,137.95987,25
171001,36.243685,137.958749,26
171001,36.24352,137.957842,27
171001,36.24471,137.957515,28
171001,36.245169,137.957424,29
171001,36.245939,137.957408,30
171001,36.247483,137.957263,31
171001,36.247691,137.957247,32
171001,36.248444,137.957145,33
171001,36.248502,137.957525,34
171001,36.248519,137.957925,35
171001,36.248692,137.958139,36
171001,36.248917,137.958273,37
171001,36.249129,137.958332,38
171001,36.250362,137.958262,39
171001,36.250794,137.958316,40
171001,36.251041,137.958445,41
171001,36.251729,137.958611,42
171001,36.252257,137.958654,43
171001,36.253749,137.958515,44
171001,36.254056,137.95838,45
171001,36.254472,137.958354,46
171001,36.25445,137.958257,47
171001,36.254415,137.958161,48
171001,36.253862,137.957844,49
171001,36.253836,137.957705,50
171001,36.253857,137.957436,51
171001,36.253965,137.956996,52
171001,36.253247,137.956659,53
171001,36.252741,137.956726,54
171001,36.252469,137.956844,55
171001,36.252402,137.956779,56
171001,36.252386,137.95664,57
171001,36.252445,137.956549,58
171001,36.252585,137.956482,59
171001,36.252681,137.956516,60
171001,36.252739,137.956693,61
171001,36.252795,137.956699,62
171001,36.253189,137.956653,63
171001,36.253267,137.956642,64
171001,36.253976,137.95698,65
171001,36.25413,137.956664,66
171001,36.254348,137.956388,67
171001,36.254547,137.956192,68
171001,36.254802,137.956042,69
171001,36.254986,137.955996,70
171001,36.255144,137.956026,71
171001,36.25544,137.95613,72
171001,36.255655,137.956085,73
171001,36.255741,137.955993,74
171001,36.255843,137.955779,75
171001,36.255942,137.955462,76
171001,36.256029,137.955307,77
171001,36.256176,137.955194,78
171001,36.256431,137.955135,79
171001,36.256751,137.955103,80
171001,36.257002,137.955028,81
171001,36.257543,137.954851,82
171001,36.257971,137.954733,83
172001,36.257971,137.954733,1
172001,36.256751,137.955103,2
172001,36.256298,137.955148,3
172001,36.256117,137.955218,4
172001,36.255987,137.955358,5
172001,36.255926,137.955502,6
172001,36.255843,137.955779,7
172001,36.255741,137.955993,8
172001,36.255655,137.956085,9
172001,36.25544,137.95613,10
172001,36.255124,137.956012,11
172001,36.254986,137.955996,12
172001,36.254802,137.956042,13
172001,36.254547,137.956192,14
172001,36.254348,137.956388,15
172001,36.25413,137.956664,16
172001,36.253976,137.95698,17
172001,36.253267,137.956642,18
172001,36.252926,137.956688,19
172001,36.252741,137.956726,20
172001,36.252582,137.956806,21
172001,36.252453,137.956841,22
172001,36.252407,137.95676,23
172001,36.252386,137.95664,24
172001,36.252445,137.956549,25
172001,36.252585,137.956482,26
172001,36.252681,137.956516,27
172001,36.252739,137.956693,28
172001,36.253247,137.956659,29
172001,36.253965,137.956996,30
172001,36.253857,137.957436,31
172001,36.253836,137.957705,32
172001,36.253878,137.95786,33
172001,36.254415,137.958161,34
172001,36.254464,137.958265,35
172001,36.254475,137.958375,36
172001,36.254456,137.95849,37
172001,36.254395,137.9586,38
172001,36.254347,137.95863,39
172001,36.25343,137.959107,40
172001,36.253136,137.959263,41
172001,36.25282,137.959477,42
172001,36.252569,137.959654,43
172001,36.252301,137.959815,44
172001,36.251371,137.960148,45
172001,36.250571,137.960422,46
172001,36.250588,137.960518,47
172001,36.250532,137.960835,48
172001,36.250476,137.96106,49
172001,36.250363,137.961248,50
172001,36.249606,137.962262,51
172001,36.249597,137.962347,52
172001,36.249636,137.962428,53
172001,36.250121,137.962691,54
172001,36.250502,137.963056,55
172001,36.250926,137.963495,56
172001,36.250999,137.963624,57
172001,36.251008,137.963721,58
172001,36.25054,137.964091,59
172001,36.250385,137.964161,60
172001,36.250238,137.964305,61
172001,36.250134,137.964504,62
172001,36.248589,137.964394,63
172001,36.246889,137.964705,64
172001,36.245366,137.964836,65
172001,36.242206,137.964988,66
172001,36.239992,137.965094,67
172001,36.240023,137.966236,68
172001,36.239973,137.966558,69
172001,36.239898,137.966768,70
172001,36.239655,137.967352,71
172001,36.239601,137.967773,72
172001,36.239608,137.970067,73
172001,36.239534,137.970582,74
172001,36.239324,137.97178,75
172001,36.237096,137.971086,76
172001,36.237095,137.97013,77
172001,36.237012,137.969977,78
172001,36.235736,137.96975,79
172001,36.235086,137.969608,80
172001,36.2346,137.969495,81
172001,36.234409,137.969288,82
172001,36.231147,137.969341,83
172001,36.231125,137.968372,84
172001,36.231081,137.965646,85
172001,36.230616,137.965848,86
181001,36.229922,137.966757,1
181001,36.229934,137.967614,2
181001,36.230505,137.967556,3
181001,36.231125,137.967503,4
181001,36.231173,137.96935,5
181001,36.231176,137.970966,6
181001,36.23119,137.973487,7
181001,36.231268,137.973522,8
181001,36.232817,137.973565,9
181001,36.233401,137.973608,10
181001,36.233899,137.973613,11
181001,36.235024,137.973785,12
181001,36.236387,137.97408,13
181001,36.237789,137.974461,14
181001,36.238853,137.9749,15
181001,36.239909,137.975163,16
181001,36.240519,137.975287,17
181001,36.240839,137.975346,18
181001,36.242453,137.975523,19
181001,36.243963,137.975716,20
181001,36.244694,137.97578,21
181001,36.245849,137.97599,22
181001,36.247711,137.976374,23
181001,36.249514,137.976728,24
181001,36.251192,137.977009,25
181001,36.251808,137.977128,26
181001,36.253545,137.976531,27
181001,36.255184,137.976,28
181001,36.255544,137.975812,29
181001,36.25782,137.975045,30
181001,36.258182,137.97504,31
181001,36.260886,137.976081,32
181001,36.262315,137.976633,33
181001,36.262716,137.976714,34
181001,36.265817,137.9768,35
181001,36.267358,137.976815,36
181001,36.267332,137.977217,37
181001,36.267228,137.977813,38
181001,36.267184,137.978398,39
181001,36.267068,137.978945,40
181001,36.267834,137.979218,41
181001,36.269182,137.979428,42
181001,36.271324,137.979551,43
181001,36.273576,137.97997,44
181001,36.27496,137.980206,45
181001,36.275069,137.980731,46
181001,36.275319,137.981,47
181001,36.275539,137.981204,48
181001,36.275963,137.981322,49
181001,36.276179,137.981472,50
181001,36.2763,137.981581,51
181001,36.276416,137.981758,52
181001,36.278394,137.98211,53
181001,36.279635,137.982314,54
181001,36.280197,137.982507,55
181001,36.28069,137.982781,56
181001,36.281538,137.98336,57
181001,36.282878,137.984261,58
181001,36.283332,137.984562,59
181001,36.283592,137.984433,60
181001,36.28386,137.984857,61
181001,36.284249,137.985211,62
181001,36.284915,137.985688,63
181001,36.285131,137.985882,64
181001,36.28536,137.986257,65
181001,36.285512,137.986702,66
181001,36.285628,137.987469,67
181001,36.285749,137.988242,68
181001,36.285909,137.988617,69
181001,36.28642,137.989567,70
181001,36.287349,137.991262,71
181001,36.28773,137.991562,72
181001,36.288292,137.992072,73
181001,36.288512,137.992421,74
181001,36.289096,137.993547,75
181001,36.289468,137.9944,76
181001,36.289779,137.995296,77
181001,36.290013,137.995924,78
181001,36.29016,137.996541,79
181001,36.290233,137.997184,80
181001,36.290181,137.998128,81
181001,36.290229,137.998971,82
181001,36.290147,137.999421,83
181001,36.289961,138.000151,84
181001,36.289957,138.00051,85
181001,36.290099,138.000982,86
181001,36.290268,138.001352,87
181001,36.290376,138.001631,88
181001,36.290363,138.001862,89
181001,36.290164,138.00227,90
181001,36.289939,138.002731,91
181001,36.28968,138.003659,92
181001,36.289619,138.004185,93
181001,36.289624,138.00515,94
181001,36.289563,138.005344,95
181001,36.289438,138.00559,96
181001,36.288966,138.006191,97
181001,36.287825,138.007693,98
181001,36.287444,138.008144,99
181001,36.287172,138.008283,100
181001,36.286714,138.008321,101
181001,36.286004,138.008364,102
181001,36.285771,138.008385,103
181001,36.28562,138.00845,104
181001,36.285377,138.008594,105
181001,36.285057,138.008948,106
181001,36.284906,138.009222,107
181001,36.284694,138.010016,108
181001,36.284491,138.010552,109
181001,36.284266,138.010858,110
181001,36.283842,138.011084,111
181001,36.283259,138.011228,112
181001,36.283003,138.011352,113
181001,36.282536,138.011695,114
181001,36.281261,138.012838,115
181001,36.280543,138.013471,116
181001,36.280335,138.013728,117
181001,36.280149,138.014055,118
181001,36.279968,138.014538,119
181001,36.279142,138.017231,120
181001,36.278921,138.017928,121
181001,36.278809,138.018224,122
181001,36.278614,138.018626,123
181001,36.278286,138.01906,124
181001,36.277879,138.019425,125
181001,36.277196,138.019897,126
181001,36.27675,138.020235,127
181001,36.27659,138.020434,128
181001,36.276387,138.020777,129
181001,36.276158,138.021249,130
181001,36.275829,138.021941,131
181001,36.275639,138.022429,132
181001,36.275362,138.022971,133
181001,36.275094,138.023272,134
181001,36.27486,138.023604,135
181001,36.274757,138.023974,136
181001,36.274644,138.024527,137
181001,36.274588,138.024784,138
181001,36.274359,138.025299,139
181001,36.27387,138.02656,140
181001,36.273407,138.028142,141
181001,36.273226,138.028867,142
181001,36.273213,138.029312,143
181001,36.273265,138.029832,144
181001,36.273502,138.031704,145
181001,36.273892,138.034617,146
181001,36.273991,138.035068,147
181001,36.274259,138.035551,148
181001,36.274545,138.03583,149
181001,36.27541,138.036489,150
181001,36.275825,138.036918,151
181001,36.276365,138.037578,152
181001,36.277364,138.038877,153
181001,36.278095,138.040008,154
181001,36.278359,138.040598,155
181001,36.278454,138.04113,156
181001,36.278437,138.041902,157
181001,36.278428,138.042406,158
181001,36.278497,138.042873,159
181001,36.27861,138.043292,160
181001,36.278804,138.043882,161
181001,36.278848,138.044295,162
181001,36.278809,138.044718,163
181001,36.278701,138.045174,164
181001,36.278592,138.045695,165
181001,36.278467,138.046043,166
181001,36.278502,138.047449,167
181001,36.278571,138.048382,168
181001,36.278882,138.049112,169
181001,36.279263,138.049809,170
181001,36.279583,138.050496,171
181001,36.279842,138.051601,172
181001,36.279912,138.052009,173
181001,36.279981,138.053779,174
181001,36.280275,138.055002,175
181001,36.282472,138.063049,176
181001,36.283994,138.068456,177
181001,36.28549,138.073659,178
181001,36.286476,138.077211,179
181001,36.286917,138.078713,180
181001,36.287315,138.080344,181
181001,36.287548,138.080934,182
181001,36.287721,138.081256,183
181001,36.288923,138.082436,184
181001,36.289494,138.083541,185
181001,36.289883,138.084442,186
181001,36.290056,138.085,187
181001,36.290454,138.087038,188
181001,36.290627,138.088165,189
181001,36.291128,138.091384,190
181001,36.292036,138.096372,191
181001,36.292235,138.097832,192
181001,36.29227,138.098164,193
181001,36.292218,138.09855,194
181001,36.291898,138.099527,195
181001,36.290999,138.102166,196
181001,36.290558,138.103357,197
181001,36.290462,138.103528,198
181001,36.29029,138.10428,199
181001,36.290246,138.10488,200
181001,36.290756,138.10856,201
181001,36.290834,138.109547,202
181001,36.290687,138.110974,203
181001,36.29061,138.111715,204
181001,36.290756,138.112305,205
181001,36.291016,138.112948,206
181001,36.291889,138.115352,207
181001,36.29265,138.117519,208
181001,36.292849,138.11827,209
181001,36.292953,138.119075,210
181001,36.292962,138.120008,211
181001,36.292858,138.121585,212
181001,36.292858,138.12254,213
181001,36.292936,138.12343,214
181001,36.293178,138.124578,215
181001,36.293359,138.125555,216
181001,36.293446,138.126317,217
181001,36.29355,138.12695,218
181001,36.293861,138.127711,219
181001,36.294259,138.128366,220
181001,36.294743,138.128816,221
181001,36.295392,138.129374,222
181001,36.295599,138.129675,223
181001,36.295781,138.130029,224
181001,36.295971,138.130662,225
181001,36.296152,138.131048,226
181001,36.296931,138.131874,227
181001,36.29751,138.132668,228
181001,36.297718,138.133097,229
181001,36.298332,138.134685,230
181001,36.299037,138.136462,231
181001,36.299582,138.13775,232
181001,36.299997,138.138426,233
181001,36.30055,138.139123,234
181001,36.301112,138.139574,235
181001,36.302409,138.140389,236
181001,36.303905,138.141408,237
181001,36.30419,138.141698,238
181001,36.304303,138.141934,239
181001,36.30445,138.141762,240
181001,36.304536,138.141548,241
181001,36.304493,138.140722,242
181001,36.304476,138.14026,243
181001,36.304588,138.139295,244
181001,36.304623,138.138973,245
181001,36.304432,138.137975,246
181001,36.304333,138.137911,247
181001,36.303261,138.138114,248
181001,36.303096,138.13805,249
181001,36.302634,138.13731,250
181001,36.302405,138.137004,251
181001,36.301484,138.136092,252
181001,36.300701,138.135588,253
181001,36.300031,138.134955,254
181001,36.299832,138.134794,255
181001,36.299564,138.134794,256
181001,36.299279,138.134612,257
181001,36.298851,138.134193,258
182001,36.304488,138.140618,1
182001,36.304484,138.140077,2
182001,36.304588,138.139295,3
182001,36.304609,138.138939,4
182001,36.304432,138.137975,5
182001,36.304333,138.137911,6
182001,36.303261,138.138114,7
182001,36.303096,138.13805,8
182001,36.302552,138.13718,9
182001,36.302162,138.136772,10
182001,36.301484,138.136092,11
182001,36.300701,138.135588,12
182001,36.299832,138.134794,13
182001,36.299564,138.134794,14
182001,36.299279,138.134612,15
182001,36.298967,138.134278,16
182001,36.298708,138.134106,17
182001,36.298328,138.13395,18
182001,36.298137,138.13379,19
182001,36.297947,138.133693,20
182001,36.297787,138.133264,21
182001,36.29751,138.132668,22
182001,36.297264,138.132239,23
182001,36.296888,138.131826,24
182001,36.296166,138.131011,25
182001,36.295945,138.130603,26
182001,36.295751,138.129938,27
182001,36.295599,138.129675,28
182001,36.295392,138.129374,29
182001,36.294666,138.128731,30
182001,36.294276,138.128329,31
182001,36.293861,138.127711,32
182001,36.293576,138.126961,33
182001,36.293429,138.126279,34
182001,36.293359,138.125555,35
182001,36.293273,138.124976,36
182001,36.292992,138.123699,37
182001,36.292923,138.123093,38
182001,36.292858,138.122438,39
182001,36.292858,138.121585,40
182001,36.292953,138.120094,41
182001,36.292979,138.119461,42
182001,36.292953,138.119075,43
182001,36.292849,138.11827,44
182001,36.292681,138.11753,45
182001,36.291846,138.11518,46
182001,36.291392,138.114038,47
182001,36.291129,138.113201,48
182001,36.290783,138.112289,49
182001,36.290636,138.111694,50
182001,36.290644,138.11135,51
182001,36.290839,138.109317,52
182001,36.290792,138.108652,53
182001,36.290472,138.106345,54
182001,36.29029,138.104875,55
182001,36.290316,138.104269,56
182001,36.290462,138.103528,57
182001,36.290558,138.103357,58
182001,36.290817,138.102681,59
182001,36.291665,138.100208,60
182001,36.292205,138.09861,61
182001,36.29227,138.098164,62
182001,36.29224,138.097708,63
182001,36.292002,138.096244,64
182001,36.29144,138.092966,65
182001,36.290973,138.090316,66
182001,36.290584,138.087838,67
182001,36.290113,138.085118,68
182001,36.289741,138.08411,69
182001,36.288975,138.082506,70
182001,36.288751,138.082254,71
182001,36.287676,138.081159,72
182001,36.287365,138.080494,73
182001,36.285998,138.075387,74
182001,36.284078,138.068714,75
182001,36.282682,138.063698,76
182001,36.281864,138.060817,77
182001,36.280221,138.054774,78
182001,36.279988,138.053744,79
182001,36.279931,138.053149,80
182001,36.279912,138.052009,81
182001,36.279842,138.051601,82
182001,36.279732,138.05096,83
182001,36.279469,138.050258,84
182001,36.279252,138.049759,85
182001,36.27872,138.048766,86
182001,36.278565,138.04831,87
182001,36.278509,138.047506,88
182001,36.278461,138.046358,89
182001,36.278491,138.045966,90
182001,36.278742,138.04507,91
182001,36.278846,138.044367,92
182001,36.278803,138.04382,93
182001,36.278522,138.04294,94
182001,36.278431,138.042458,95
182001,36.278465,138.041653,96
182001,36.278454,138.04113,97
182001,36.278359,138.040598,98
182001,36.278095,138.040008,99
182001,36.277116,138.038542,100
182001,36.276217,138.037399,101
182001,36.275624,138.036686,102
182001,36.275265,138.036385,103
182001,36.274331,138.03565,104
182001,36.273991,138.035068,105
182001,36.273892,138.034617,106
182001,36.273384,138.030758,107
182001,36.27322,138.029411,108
182001,36.273226,138.028867,109
182001,36.273358,138.028317,110
182001,36.27354,138.027684,111
182001,36.273877,138.026525,112
182001,36.274223,138.025646,113
182001,36.274588,138.024784,114
182001,36.274733,138.024138,115
182001,36.27486,138.023604,116
182001,36.275362,138.022971,117
182001,36.275639,138.022429,118
182001,36.275866,138.021869,119
182001,36.276346,138.020877,120
182001,36.276563,138.020464,121
182001,36.276779,138.020195,122
182001,36.277488,138.019659,123
182001,36.277879,138.019425,124
182001,36.278249,138.019085,125
182001,36.278578,138.018656,126
182001,36.278837,138.018221,127
182001,36.27898,138.017728,128
182001,36.27946,138.016204,129
182001,36.279728,138.015298,130
182001,36.279983,138.014472,131
182001,36.280174,138.01401,132
182001,36.280335,138.013728,133
182001,36.280589,138.013426,134
182001,36.281622,138.012503,135
182001,36.282323,138.01188,136
182001,36.283092,138.01128,137
182001,36.283862,138.011049,138
182001,36.284303,138.010808,139
182001,36.284491,138.010552,140
182001,36.284602,138.010228,141
182001,36.284906,138.009222,142
182001,36.285108,138.008871,143
182001,36.285377,138.008594,144
182001,36.285771,138.008385,145
182001,36.286176,138.008356,146
182001,36.287205,138.008265,147
182001,36.287444,138.008144,148
182001,36.287892,138.0076,149
182001,36.288614,138.006656,150
182001,36.289438,138.00559,151
182001,36.28954,138.0054,152
182001,36.289644,138.005105,153
182001,36.289619,138.004185,154
182001,36.28968,138.003659,155
182001,36.289769,138.003319,156
182001,36.289939,138.002731,157
182001,36.290106,138.002359,158
182001,36.290363,138.001862,159
182001,36.290374,138.001538,160
182001,36.290099,138.000982,161
182001,36.289957,138.00051,162
182001,36.289961,138.000151,163
182001,36.290184,137.999226,164
182001,36.290232,137.998925,165
182001,36.290181,137.998128,166
182001,36.290233,137.997184,167
182001,36.29016,137.996541,168
182001,36.289981,137.995798,169
182001,36.289514,137.994537,170
182001,36.289068,137.993475,171
182001,36.288727,137.992815,172
182001,36.288342,137.992118,173
182001,36.288026,137.991818,174
182001,36.287349,137.991262,175
182001,36.28642,137.989567,176
182001,36.285909,137.988617,177
182001,36.285749,137.988242,178
182001,36.285628,137.987469,179
182001,36.285512,137.986702,180
182001,36.285345,137.986217,181
182001,36.285131,137.985882,182
182001,36.284567,137.985434,183
182001,36.283823,137.984855,184
182001,36.283564,137.984436,185
182001,36.283332,137.984562,186
182001,36.281454,137.983331,187
182001,36.280645,137.982784,188
182001,36.280197,137.982507,189
182001,36.279958,137.982376,190
182001,36.279538,137.982296,191
182001,36.278275,137.982086,192
182001,36.277051,137.981861,193
182001,36.276416,137.981758,194
182001,36.276121,137.981411,195
182001,36.275438,137.981126,196
182001,36.275058,137.980686,197
182001,36.27496,137.980206,198
182001,36.273717,137.980005,199
182001,36.272225,137.979726,200
182001,36.271252,137.979544,201
182001,36.269111,137.979415,202
182001,36.267834,137.979218,203
182001,36.266936,137.978883,204
182001,36.267307,137.977382,205
182001,36.267346,137.977178,206
182001,36.267358,137.976815,207
182001,36.265114,137.976781,208
182001,36.263133,137.976733,209
182001,36.262682,137.976724,210
182001,36.262315,137.976633,211
182001,36.261403,137.976282,212
182001,36.260084,137.975773,213
182001,36.258328,137.975102,214
182001,36.258182,137.97504,215
182001,36.257904,137.975011,216
182001,36.256135,137.975638,217
182001,36.255433,137.97586,218
182001,36.255154,137.976007,219
182001,36.254642,137.97618,220
182001,36.252371,137.976921,221
182001,36.251808,137.977128,222
182001,36.250632,137.976904,223
182001,36.24965,137.976738,224
182001,36.248551,137.976518,225
182001,36.247608,137.976352,226
182001,36.2458,137.975982,227
182001,36.244694,137.97578,228
182001,36.243498,137.97566,229
182001,36.24162,137.975429,230
182001,36.239942,137.975172,231
182001,36.239552,137.975075,232
182001,36.238853,137.9749,233
182001,36.238016,137.974555,234
182001,36.23748,137.974372,235
182001,36.23693,137.974212,236
182001,36.236316,137.974072,237
182001,36.234745,137.973745,238
182001,36.233899,137.973613,239
182001,36.231578,137.973514,240
182001,36.231184,137.97352,241
182001,36.23118,137.97132,242
182001,36.231141,137.968627,243
182001,36.23111,137.966809,244
182001,36.231081,137.965646,245
182001,36.230548,137.96587,246
261003,36.2299138,137.9665795,1
261003,36.2299355,137.9676041,2
261003,36.231125,137.967503,3
261003,36.231184,137.97352,4
261003,36.233899,137.973613,5
261003,36.2349299,137.973782,6
261003,36.2366737,137.9741575,7
261003,36.2377554,137.9744525,8
261003,36.238821,137.974921,9
261003,36.239552,137.975075,10
261003,36.240519,137.975287,11
261003,36.240839,137.975346,12
261003,36.2424801,137.9755254,13
261003,36.243963,137.975716,14
261003,36.2449202,137.9758151,15
261003,36.2458,137.975982,16
261003,36.2468194,137.9761852,17
261003,36.247711,137.976374,18
261003,36.24932,137.9766841,19
261003,36.251808,137.977128,20
261003,36.2526208,137.976845,21
261003,36.254721,137.976153,22
261003,36.255154,137.976007,23
261003,36.255433,137.97586,24
261003,36.2572148,137.9752572,25
261003,36.257904,137.975011,26
261003,36.258236,137.975088,27
261003,36.260084,137.975773,28
261003,36.2615144,137.9763193,29
261003,36.262315,137.976633,30
261003,36.2627688,137.9767163,31
261003,36.2638069,137.9767378,32
261003,36.2660907,137.9767914,33
261003,36.267358,137.976815,34
261003,36.2677169,137.9767592,35
261003,36.2678899,137.9766197,36
261003,36.2698708,137.9752357,37
261003,36.2702687,137.9749675,38
261003,36.270606,137.9748066,39
261003,36.2707617,137.9747637,40
261003,36.270978,137.9747637,41
261003,36.2717046,137.9748817,42
261003,36.273694,137.9750748,43
261003,36.2748963,137.9751928,44
261003,36.2767386,137.9753216,45
261003,36.2773786,137.9753645,46
261003,36.2777246,137.9753645,47
261003,36.2782695,137.9751606,48
261003,36.2797917,137.9745276,49
261003,36.2801636,137.9743881,50
261003,36.2806739,137.9741521,51
261003,36.280942,137.9739375,52
261003,36.2810631,137.9736157,53
261003,36.2811928,137.9731543,54
261003,36.2813399,137.972414,55
261003,36.2814869,137.9721458,56
261003,36.2816858,137.9719312,57
261003,36.2821874,137.9715665,58
261003,36.2825766,137.9713841,59
261003,36.2837182,137.971148,60
261003,36.2849982,137.9708798,61
261003,36.285863,137.970676,62
261003,36.2863214,137.9706223,63
261003,36.2868143,137.9705043,64
261003,36.2869786,137.9704292,65
261003,36.2873073,137.9700752,66
261003,36.2875148,137.9695709,67
261003,36.2882759,137.9678114,68
261003,36.2887169,137.9668136,69
261003,36.2889677,137.9663952,70
261003,36.289133,137.966161,71
261003,36.2899362,137.9657407,72
261003,36.2902043,137.965569,73
261003,36.2905243,137.9652579,74
261003,36.2910605,137.9646678,75
261003,36.291562,137.9641528,76
261003,36.291882,137.9639061,77
261003,36.2922192,137.9637559,78
261003,36.2932396,137.9634662,79
261003,36.2935423,137.9632623,80
261003,36.2944416,137.9625006,81
261003,36.2949086,137.9621787,82
261003,36.2952804,137.9618247,83
261003,36.2957646,137.9615886,84
261003,36.2962748,137.9613526,85
261003,36.296491,137.9612668,86
261003,36.2970703,137.9614921,87
261003,36.2973557,137.9615779,88
261003,36.2975719,137.9615672,89
261003,36.2979005,137.9614814,90
261003,36.2981426,137.9614277,91
261003,36.2983933,137.9614277,92
261003,36.2986354,137.961535,93
261003,36.2989813,137.961653,94
261003,36.2994482,137.9616423,95
261003,36.2999065,137.9616208,96
261003,36.3004772,137.9614814,97
261003,36.3007279,137.9613204,98
261003,36.301117,137.9609342,99
261003,36.301437,137.960623,100
261003,36.3017915,137.9603548,101
261003,36.3022843,137.9598935,102
261003,36.302561,137.9595394,103
261003,36.302855,137.9592068,104
261003,36.3031489,137.9588635,105
261003,36.3032786,137.9586275,106
261003,36.3034516,137.9582198,107
261003,36.3035986,137.957973,108
261003,36.3038234,137.9577906,109
261003,36.3041433,137.9576619,110
261003,36.3046015,137.9575975,111
261003,36.3049474,137.9576619,112
261003,36.3051376,137.9579194,113
261003,36.3053624,137.9583378,114
261003,36.3054834,137.9587884,115
261003,36.3055267,137.9591425,116
261003,36.305397,137.9596038,117
261003,36.3052759,137.9600973,118
261003,36.3052932,137.9604299,119
261003,36.3053797,137.9606767,120
261003,36.3055353,137.9608913,121
261003,36.3058466,137.9611488,122
261003,36.3062702,137.9614921,123
261003,36.3064345,137.9618139,124
261003,36.3065728,137.9622431,125
261003,36.3067284,137.9630156,126
261003,36.3069273,137.9636164,127
261003,36.3071867,137.9642709,128
261003,36.3073769,137.964979,129
261003,36.3076536,137.9663308,130
261003,36.3077573,137.9670603,131
261003,36.3077314,137.9674251,132
261003,36.3076363,137.9677792,133
261003,36.3074201,137.9683264,134
261003,36.3073423,137.9686911,135
261003,36.3074028,137.9690023,136
261003,36.3075325,137.9696675,137
261003,36.3077573,137.9707833,138
261003,36.3079302,137.9711051,139
261003,36.3081464,137.9712768,140
261003,36.309253,137.9719098,141
261003,36.3097545,137.9722638,142
261003,36.3103683,137.9728003,143
261003,36.3111723,137.9734869,144
261003,36.3114922,137.9740341,145
261003,36.3118034,137.9750426,146
261003,36.3121493,137.9757614,147
261003,36.3131867,137.9780359,148
261003,36.3136362,137.9792054,149
261003,36.3136708,137.9795165,150
261003,36.313714,137.9800959,151
261003,36.3139215,137.9809864,152
261003,36.3144402,137.9833145,153
261003,36.3147774,137.98472,154
261003,36.3149762,137.9854818,155
261003,36.3151145,137.9860826,156
261003,36.3152356,137.9864474,157
261003,36.3154949,137.9867692,158
261003,36.3158753,137.9871125,159
261003,36.3162816,137.9875095,160
261003,36.3167225,137.9881211,161
261003,36.3174573,137.9893441,162
261003,36.3176043,137.9901273,163
261003,36.3176994,137.9908569,164
261003,36.3177685,137.9917796,165
261003,36.3180711,137.9929061,166
261003,36.3184514,137.9942794,167
261003,36.3187281,137.9950519,168
261003,36.3185638,137.9952128,169
261003,36.3184947,137.9954274,170
261003,36.3185385,137.9963242,171
261003,36.3179241,137.9972942,172
261003,36.3177858,137.9978199,173
261003,36.3174832,137.998056,174
261003,36.3175265,137.9982062,175
261003,36.3173968,137.9980989,176
261003,36.3176907,137.9978199,177
261003,36.317855,137.9977555,178
261003,36.3179933,137.9971976,179
261003,36.3184947,137.9964359,180
261003,36.3185206,137.9961248,181
261003,36.3185033,137.9954059,182
261003,36.3186503,137.9950948,183
261003,36.3195839,137.9943116,184
261003,36.3202841,137.9937537,185
261003,36.3205348,137.9936571,186
261003,36.3214597,137.9933782,187
261003,36.3219784,137.9932387,188
261003,36.3225575,137.9933675,189
261003,36.3233269,137.9933353,190
261003,36.3239752,137.993464,191
261003,36.3245284,137.9936357,192
261003,36.3248741,137.9937322,193
261003,36.3251594,137.9936357,194
261003,36.3255916,137.9935391,195
261003,36.32643,137.9934747,196
261003,36.3270869,137.9933031,197
261003,36.3273895,137.9930885,198
261003,36.3278476,137.9927881,199
261003,36.328081,137.9926808,200
261003,36.3284267,137.9926164,201
261003,36.3286255,137.9926379,202
261003,36.3288416,137.992434,203
261003,36.3293688,137.9918547,204
261003,36.3301208,137.9912002,205
261003,36.3305184,137.990932,206
261003,36.3317371,137.9906852,207
261003,36.3321088,137.9905243,208
261003,36.3325928,137.9903527,209
261003,36.3333188,137.9905243,210
261003,36.333846,137.990578,211
261003,36.3341312,137.9906101,212
261003,36.3345115,137.9904707,213
261003,36.3347535,137.9903205,214
261003,36.334979,137.990305,215
261003,36.3351482,137.9901939,216
261003,36.3362329,137.9898881,217
261003,36.3368163,137.9897111,218
261003,36.3372484,137.9895609,219
261003,36.3375077,137.9894536,220
261003,36.3379873,137.9892283,221
261003,36.3384151,137.9889922,222
261003,36.3389221,137.9887527,223
261003,36.3391987,137.9886025,224
261003,36.3395444,137.9884523,225
261003,36.3395789,137.9888493,226
261003,36.3396913,137.9893428,227
261003,36.3402012,137.9901797,228
261003,36.3405555,137.990759,229
261003,36.3408407,137.990877,230
261003,36.3410827,137.9908985,231
261003,36.3416099,137.9909629,232
261003,36.3419901,137.9910487,233
261003,36.3423876,137.9911345,234
261003,36.3426728,137.9911882,235
261003,36.3430099,137.9911882,236
261003,36.3432,137.9912847,237
261003,36.3436839,137.9915208,238
261003,36.3438049,137.9915208,239
261003,36.3443753,137.9914993,240
261003,36.3446864,137.9915851,241
261003,36.3449715,137.9917032,242
261003,36.3452913,137.9917568,243
261003,36.3458443,137.9918212,244
261003,36.346406,137.9918319,245
261003,36.346864,137.9918319,246
261003,36.3473653,137.991907,247
261003,36.347806,137.9918426,248
261003,36.3482035,137.992025,249
261003,36.34848,137.9922718,250
261003,36.3485837,137.992304,251
261003,36.3486182,137.9917353,252
261003,36.3486182,137.9914779,253
261003,36.349033,137.9915851,254
261003,36.349194,137.99165,255
261003,36.3491799,137.991907,256
262001,36.349194,137.99165,1
262001,36.3490722,137.992418,2
262001,36.3485837,137.992304,3
262001,36.34848,137.9922718,4
262001,36.3482035,137.992025,5
262001,36.347806,137.9918426,6
262001,36.3473653,137.991907,7
262001,36.346969,137.991811,8
262001,36.3459008,137.9918172,9
262001,36.3450366,137.9916992,10
262001,36.3443753,137.9914993,11
262001,36.3436839,137.9915208,12
262001,36.3430099,137.9911882,13
262001,36.3423576,137.9911306,14
262001,36.3416099,137.9909629,15
262001,36.3411521,137.9909106,16
262001,36.3407589,137.9908624,17
262001,36.3405903,137.9907926,18
262001,36.3404953,137.9906746,19
262001,36.3398558,137.9896232,20
262001,36.3397175,137.9893818,21
262001,36.3395789,137.9888493,22
262001,36.3395444,137.9884523,23
262001,36.3384151,137.9889922,24
262001,36.3375077,137.9894536,25
262001,36.3367747,137.9897251,26
262001,36.3356771,137.9900416,27
262001,36.3351482,137.9901939,28
262001,36.334979,137.990305,29
262001,36.3347178,137.9903635,30
262001,36.3343764,137.990519,31
262001,36.3340436,137.9906263,32
262001,36.3336849,137.9905941,33
262001,36.3329892,137.9904439,34
262001,36.3325916,137.9903903,35
262001,36.3324187,137.9903849,36
262001,36.3321681,137.99046,37
262001,36.3319563,137.9905888,38
262001,36.3316884,137.9906907,39
262001,36.3315631,137.9907283,40
262001,36.3308457,137.9908624,41
262001,36.3305184,137.990932,42
262001,36.3302968,137.9910555,43
262001,36.3301208,137.9912002,44
262001,36.3296832,137.991549,45
262001,36.3294152,137.9918119,46
262001,36.3290176,137.9922357,47
262001,36.3286255,137.9926379,48
262001,36.3283564,137.9926541,49
262001,36.3280452,137.9926755,50
262001,36.3277816,137.992815,51
262001,36.3275741,137.9929599,52
262001,36.3270123,137.9933193,53
262001,36.326498,137.9934695,54
262001,36.3262906,137.993507,55
262001,36.326014,137.9934963,56
262001,36.3255916,137.9935391,57
262001,36.32486,137.9936948,58
262001,36.3245618,137.9936572,59
262001,36.3243025,137.9935553,60
262001,36.3239752,137.993464,61
262001,36.3235263,137.9933899,62
262001,36.323254,137.9933255,63
262001,36.3228002,137.9933523,64
262001,36.3225279,137.993363,65
262001,36.3222297,137.9932933,66
262001,36.3219315,137.9932611,67
262001,36.3215684,137.9932987,68
262001,36.3213264,137.9934167,69
262001,36.3209028,137.9935669,70
262001,36.3204879,137.9936527,71
262001,36.3202841,137.9937537,72
262001,36.3197877,137.9941731,73
262001,36.3186228,137.9951092,74
262001,36.3184947,137.9954274,75
262001,36.3185385,137.9963242,76
262001,36.3181236,137.9970269,77
262001,36.3179723,137.9972415,78
262001,36.317821,137.9978048,79
262001,36.317566,137.9979282,80
262001,36.3174832,137.998056,81
262001,36.3174795,137.9981213,82
262001,36.317419,137.9981642,83
262001,36.3173968,137.9980989,84
262001,36.3175055,137.9980033,85
262001,36.3176135,137.9978316,86
262001,36.3178383,137.9978048,87
262001,36.3179637,137.9972844,88
262001,36.3181495,137.9969518,89
262001,36.3185212,137.9963457,90
262001,36.3185472,137.9960399,91
262001,36.3185169,137.9955249,92
262001,36.3185169,137.9952674,93
262001,36.3187281,137.9950519,94
262001,36.3184867,137.9943662,95
262001,36.3182576,137.9935508,96
262001,36.317821,137.9918878,97
262001,36.3177519,137.9914265,98
262001,36.3176043,137.9901273,99
262001,36.3174573,137.9893441,100
262001,36.3168614,137.988358,101
262001,36.31636,137.9875748,102
262001,36.3158753,137.9871125,103
262001,36.3153227,137.9865878,104
262001,36.3151145,137.9860826,105
262001,36.3148385,137.984957,106
262001,36.314389,137.9831224,107
262001,36.3137665,137.9803543,108
262001,36.313714,137.9800959,109
262001,36.3136362,137.9792054,110
262001,36.3133862,137.9785626,111
262001,36.3121493,137.9757614,112
262001,36.3117003,137.9747646,113
262001,36.311441,137.9739599,114
262001,36.3111723,137.9734869,115
262001,36.3104381,137.9728441,116
262001,36.3091153,137.9718249,117
262001,36.3081464,137.9712768,118
262001,36.3079302,137.9711051,119
262001,36.3077573,137.9707833,120
262001,36.3073423,137.9686911,121
262001,36.3074201,137.9683264,122
262001,36.3077314,137.9674251,123
262001,36.3077573,137.9670603,124
262001,36.3076801,137.9665356,125
262001,36.3075591,137.9658168,126
262001,36.3073769,137.964979,127
262001,36.3071867,137.9642709,128
262001,36.3069885,137.9637354,129
262001,36.3067284,137.9630156,130
262001,36.3065345,137.9620617,131
262001,36.3064345,137.9618139,132
262001,36.3062319,137.9614501,133
262001,36.3058466,137.9611488,134
262001,36.3055353,137.9608913,135
262001,36.305363,137.960624,136
262001,36.3052938,137.9603558,137
262001,36.3052852,137.9600286,138
262001,36.3055143,137.959181,139
262001,36.3055013,137.9588376,140
262001,36.3053198,137.9582476,141
262001,36.3051685,137.957915,142
262001,36.3049474,137.9576619,143
262001,36.3046929,137.9575985,144
262001,36.304546,137.9575985,145
262001,36.3041433,137.9576619,146
262001,36.3038234,137.9577906,147
262001,36.3035986,137.957973,148
262001,36.303409,137.9583119,149
262001,36.3032966,137.9585694,150
262001,36.3031489,137.9588635,151
262001,36.3028945,137.9591971,152
262001,36.3023757,137.9597711,153
262001,36.3020472,137.9601573,154
262001,36.301269,137.9607796,155
262001,36.3007279,137.9613204,156
262001,36.3004173,137.961536,157
262001,36.2999979,137.9616218,158
262001,36.2996434,137.9616325,159
262001,36.2989813,137.961653,160
262001,36.298662,137.9615145,161
262001,36.2982988,137.9614287,162
262001,36.298087,137.9614287,163
262001,36.2976806,137.9615038,164
262001,36.2973557,137.9615779,165
262001,36.2970277,137.9614716,166
262001,36.2965608,137.9613214,167
262001,36.2963662,137.9613053,168
262001,36.2962106,137.9613643,169
262001,36.2956399,137.9616593,170
262001,36.2953156,137.9618149,171
262001,36.2949308,137.9621046,172
262001,36.2948443,137.9622119,173
262001,36.2946152,137.9623674,174
262001,36.2938413,137.9630273,175
262001,36.2935423,137.9632623,176
262001,36.2933008,137.9634296,177
262001,36.2931149,137.9634832,178
262001,36.2920296,137.9638212,179
262001,36.291882,137.9639061,180
262001,36.291701,137.9640358,181
262001,36.2906979,137.9650443,182
262001,36.2902043,137.965569,183
262001,36.2899362,137.9657407,184
262001,36.2894699,137.965967,185
262001,36.2890894,137.9662674,186
262001,36.2887169,137.9668136,187
262001,36.2884667,137.9673939,188
262001,36.2878268,137.9688316,189
262001,36.2873073,137.9700752,190
262001,36.2870658,137.9703229,191
262001,36.2866852,137.9705589,192
262001,36.2860885,137.9706447,193
262001,36.2848432,137.9709344,194
262001,36.28352,137.9711812,195
262001,36.2825766,137.9713841,196
262001,36.2821874,137.9715665,197
262001,36.2816858,137.9719312,198
262001,36.2814529,137.9722219,199
262001,36.2813146,137.9725223,200
262001,36.2811589,137.9733591,201
262001,36.2809427,137.9738419,202
262001,36.2806739,137.9741521,203
262001,36.2797917,137.9745276,204
262001,36.2782695,137.9751606,205
262001,36.277695,137.9753654,206
262001,36.2769036,137.9753279,207
262001,36.2749186,137.9751562,208
262001,36.2724621,137.9749953,209
262001,36.2708748,137.9747753,210
262001,36.2707018,137.9747753,211
262001,36.2704856,137.9748397,212
262001,36.2701223,137.9750543,213
262001,36.2687642,137.9760092,214
262001,36.2677169,137.9767592,215
262001,36.267358,137.976815,216
262001,36.2666492,137.9768085,217
262001,36.2645126,137.9767763,218
262001,36.262682,137.976724,219
262001,36.2623629,137.9766475,220
262001,36.2621898,137.9765724,221
262001,36.2612707,137.9762345,222
262001,36.2599428,137.9757141,223
262001,36.2584461,137.9751669,224
262001,36.258268,137.975074,225
262001,36.2580741,137.9750543,226
262001,36.2578535,137.9750543,227
262001,36.2577583,137.9750811,228
262001,36.2572479,137.975242,229
262001,36.2566726,137.9754298,230
262001,36.2553835,137.9758911,231
262001,36.2551239,137.9760145,232
262001,36.2544751,137.9762345,233
262001,36.253515,137.976543,234
262001,36.2522472,137.9769801,235
262001,36.251808,137.977128,236
262001,36.2515204,137.9770928,237
262001,36.2492103,137.9766582,238
262001,36.247711,137.976374,239
262001,36.2458,137.975982,240
262001,36.2439366,137.9756873,241
262001,36.242453,137.975523,242
262001,36.2407825,137.9753386,243
262001,36.240519,137.975287,244
262001,36.238821,137.974921,245
262001,36.2380437,137.9745822,246
262001,36.2375764,137.9744052,247
262001,36.2368928,137.9741906,248
262001,36.2364688,137.9740994,249
262001,36.2355818,137.9739224,250
262001,36.233899,137.973613,251
262001,36.2333404,137.9735952,252
262001,36.23119,137.973487,253
262001,36.2311682,137.9711865,254
262001,36.2311336,137.9690891,255
262001,36.2310844,137.9656674,256
262001,36.2307052,137.9658704,257
261002,36.3132039,138.029254,1
261002,36.3136491,138.0285191,2
261002,36.3137744,138.0282563,3
261002,36.3138047,138.0279988,4
261002,36.3137831,138.0274301,5
261002,36.3137312,138.0271673,6
261002,36.313688,138.0268079,7
261002,36.3136534,138.026427,8
261002,36.3136837,138.0256813,9
261002,36.3136534,138.0251288,10
261002,36.3137139,138.0247801,11
261002,36.3138436,138.0242705,12
261002,36.3143104,138.0227416,13
261002,36.314492,138.0221945,14
261002,36.3147816,138.0214917,15
261002,36.3149977,138.0210197,16
261002,36.315162,138.0206227,17
261002,36.3152787,138.0202472,18
261002,36.3153781,138.0198878,19
261002,36.3154257,138.0195713,20
261002,36.3154516,138.0190563,21
261002,36.3154646,138.0187291,22
261002,36.3154948,138.0185198,23
261002,36.315564,138.0182516,24
261002,36.3156418,138.017978,25
261002,36.3159444,138.0172699,26
261002,36.3159962,138.0170661,27
261002,36.3160178,138.016932,28
261002,36.3160308,138.0167442,29
261002,36.3160005,138.0158698,30
261002,36.3159357,138.0151778,31
261002,36.3158665,138.0123669,32
261002,36.3158147,138.0112779,33
261002,36.3161432,138.0095076,34
261002,36.3161907,138.0088156,35
261002,36.316221,138.0078393,36
261002,36.3162642,138.0074423,37
261002,36.3164025,138.0070668,38
261002,36.3165408,138.0066484,39
261002,36.3165841,138.006407,40
261002,36.3165149,138.0062621,41
261002,36.3162512,138.0059456,42
261002,36.3160394,138.0056506,43
261002,36.3159271,138.0053341,44
261002,36.315966,138.0047816,45
261002,36.3161389,138.0044382,46
261002,36.3163247,138.0041539,47
261002,36.3163766,138.003934,48
261002,36.3163852,138.0034726,49
261002,36.316342,138.0019706,50
261002,36.3162901,138.0008655,51
261002,36.3162729,138.0004042,52
261002,36.3163463,137.9998785,53
261002,36.3164414,137.9996264,54
261002,36.316597,137.9992562,55
261002,36.3171503,137.9984086,56
261002,36.3174269,137.9980278,57
261002,36.317682,137.9978615,58
261002,36.317821,137.9978048,59
261002,36.3179723,137.9972415,60
261002,36.3182482,137.9968261,61
261002,36.3185205,137.9963809,62
261002,36.3185421,137.9961931,63
261002,36.3184946,137.9953241,64
261002,36.3185638,137.9952128,65
261002,36.319359,137.9945087,66
261002,36.3202841,137.9937537,67
261002,36.3204879,137.9936527,68
261002,36.3211441,137.9934895,69
261002,36.3215684,137.9932987,70
261002,36.3219315,137.9932611,71
261002,36.3221814,137.9932803,72
261002,36.3225279,137.993363,73
261002,36.3229205,137.9933446,74
261002,36.323254,137.9933255,75
261002,36.3238367,137.9934358,76
261002,36.3241695,137.9935109,77
261002,36.3245284,137.9936357,78
261002,36.3248741,137.9937322,79
261002,36.3251594,137.9936357,80
261002,36.3255916,137.9935391,81
261002,36.3258854,137.9934948,82
261002,36.3263435,137.9934948,83
261002,36.3266071,137.9934466,84
261002,36.3270123,137.9933193,85
261002,36.32729,137.9931461,86
261002,36.3278129,137.9928082,87
261002,36.328081,137.9926808,88
261002,36.3283564,137.9926541,89
261002,36.3286427,137.9925936,90
261002,36.3288847,137.9923898,91
261002,36.3292909,137.9919231,92
261002,36.3300213,137.9912632,93
261002,36.3302244,137.991113,94
261002,36.330488,137.9909414,95
261002,36.3309332,137.9908716,96
261002,36.3316506,137.9906946,97
261002,36.331858,137.990641,98
261002,36.3321681,137.99046,99
261002,36.3324187,137.9903849,100
261002,36.3326748,137.9903727,101
261002,36.333565,137.9905712,102
261002,36.3337854,137.9906141,103
261002,36.3340436,137.9906263,104
261002,36.3343764,137.990519,105
261002,36.3347535,137.9903205,106
261002,36.3352936,137.9901635,107
261002,36.3368449,137.9896968,108
261002,36.3374758,137.9894822,109
261002,36.3380722,137.9891818,110
261002,36.3391093,137.9886561,111
261002,36.3395444,137.9884523,112
261002,36.33955,137.9886776,113
261002,36.3396148,137.9889673,114
261002,36.3396913,137.9893428,115
261002,36.3402155,137.990244,116
261002,36.3404953,137.9906746,117
261002,36.3406173,137.9908019,118
261002,36.3407589,137.9908624,119
261002,36.3413433,137.9909199,120
261002,36.3419439,137.9910272,121
261002,36.3423876,137.9911345,122
261002,36.3430099,137.9911882,123
261002,36.3432575,137.9913276,124
261002,36.3436839,137.9915208,125
261002,36.3440482,137.9915207,126
261002,36.3443753,137.9914993,127
261002,36.3446142,137.9915475,128
261002,36.344921,137.9917085,129
261002,36.3453488,137.9917836,130
261002,36.3459321,137.991848,131
261002,36.3466277,137.9918426,132
261002,36.347116,137.991864,133
261002,36.3474184,137.9919123,134
261002,36.3478505,137.9918319,135
261002,36.3481054,137.9919552,136
261002,36.348343,137.9921913,137
261002,36.3485837,137.992304,138
261002,36.3486109,137.991848,139
261002,36.3486182,137.9914779,140
261002,36.349194,137.99165,141
261002,36.3491799,137.991907,142
